item,app,sentence,taxonomy_22_id,label,suggested_label,reviewer,review_time
IP地址,360借条,这些SDK将收集您的设备信息ICCID、IMEI、IMSI、IP、运营商名称、运营商编码用于运营商本机号码校验认证与登录，如您拒绝提供的，您将无法使用运营商登录（本机号码一键登录&本机号码校验登录）服务，但您可以选择使用上述其他登录方式进行登录。,19,否定,确实声明收集,assistant_auto_review,2026-05-23T16:18:08.909841
IP地址,360借条,特别说明：如您的设备为安卓系统，在获取IP地址、SSID、BSSID、蜂窝网络IP/ID时，某些品牌手机（如华为）会在系统的权限使用记录增加地理位置的使用次数，但在此场景下，我们不会获取您的任何地理位置信息。,1,否定,确实声明收集,assistant_auto_review,2026-05-23T16:18:08.909841
IP地址,51Job,为了您可以更加安全便捷地登录/注册您的账号，我们为您提供了本机号码一键登录功能，当您同意并选择使用本机号码一键登录功能时，我们将通过闪验SDK会获取您的IP地址、OAID、SIM卡信息，并会收集设备类型、设备型号、操作系统、网络环境、网关取号报错日志数据，并安全进行身份认证后，为您提供免验证码登录/注册服务。,19,确实声明收集,确实声明收集,assistant_auto_review,2026-05-23T16:18:08.909841
IP地址,51Job,为了维护网络安全，保障平台良好的求职招聘环境，您的IP地址对应的归属地域信息将会展示在您的聊天对话框上方，境内展示到省（自治区、直辖市），境外展示到国家（地区），IP地址以网络运营商提供的为准。,4,确实声明收集,确实声明收集,assistant_auto_review,2026-05-23T16:18:08.909841
IP地址,51Job,为了维护网络安全，保障平台良好的求职招聘环境，您的IP地址对应的归属地域信息将会展示在您的个人主页，IP地址以网络运营商提供的为准。,4,确实声明收集,确实声明收集,assistant_auto_review,2026-05-23T16:18:08.909841
IP地址,51Job,为了您可以更加安全便捷地登录/注册您的账号，我们为您提供了本机号码一键登录功能，当您同意并选择使用本机号码一键登录功能时，我们将通过闪验SDK会获取您的IP地址、OAID、SIM卡信息，并会收集设备类型、设备型号、操作系统、网络环境、网关取号报错日志数据，并安全进行身份认证后，为您提供免验证码登录/注册服务。,19,确实声明收集,确实声明收集,assistant_auto_review,2026-05-23T16:18:08.909841
IP地址,51Job,为了维护网络安全，保障平台良好的求职招聘环境，您的IP地址对应的归属地域信息将会展示在您的聊天对话框上方，境内展示到省（自治区、直辖市），境外展示到国家（地区），IP地址以网络运营商提供的为准。,4,确实声明收集,确实声明收集,assistant_auto_review,2026-05-23T16:18:08.909841
IP地址,51Job,为了维护网络安全，保障平台良好的求职招聘环境，您的IP地址对应的归属地域信息将会展示在您的个人主页，IP地址以网络运营商提供的为准。,4,确实声明收集,确实声明收集,assistant_auto_review,2026-05-23T16:18:08.909841
IP地址,58同城,我们会接入第三方SDK，包括移动一键登录SDK、电信一键登录SDK、联通一键登录SDK（Android端、iOS端）为您实现手机号一键登录58同城的功能，将由其收集您的运营商信息、IP地址、SIM卡状态、手机号码、IDFV(iOS)，此类信息属于该功能的必需信息，您拒绝提供，将无法实现一键登录的功能。,8,否定,确实声明收集,assistant_auto_review,2026-05-23T16:18:08.909841
IP地址,58同城,我们会使用有关技术获取您的位置信息（准确度会有所不同），这些技术包括 IP 地址、GPS 以及能够提供相关信息的WLAN（Wi-Fi） 接入点、蓝牙和基站。,4,确实声明收集,确实声明收集,assistant_auto_review,2026-05-23T16:18:08.909841
MAC地址,Hi 医生,收集个人信息类型：设备信息（IMEI、IMSI、MAC地址）、用户机型、屏幕尺寸、操作系统版本号、目标API（targetAPI）、网络类型（ApnType）、网络边户监听广播、WiFi信息（状态信息、MAC地址、BSSID）、获取网络状态,1,确实声明收集,确实声明收集,assistant_auto_review,2026-05-23T16:18:08.909841
MAC地址,Hi 医生,收集个人信息类型：常用设备信息（包括IMEI/MAC地址、用户确定设备唯一标识/软件列表）,1,确实声明收集,确实声明收集,assistant_auto_review,2026-05-23T16:18:08.909841
MAC地址,世纪佳缘,1为了保障软件与服务的安全运行、运营的质量及效率，我们会收集使用您的设备型号、MAC地址、操作系统、唯一设备标识符（指由设备制造商编入到设备中的一串字符，可用于以独有方式标识相应设备，IDFA/IMEI/OAID/ Android ID/OPENUDID/GUID，设备序列号）、登陆IP地址、mac地址、软件版本号、接入网络的方式、类型和状态、网络质量数据、设备加速度传感器、陀螺仪传感器、IMSI信息、已安装或正在运行的必要的应用/软件列表信息（包括应用/软件来源、应用/软件程序的总体运行情况）、SD卡数据、SIM卡序列号（ICCID）、操作日志、服务日志信息（您在世纪佳缘搜索、点击、浏览、关注、分享、收藏、交易、发布的信息、服务故障信息、引荐网址信息）。,4,确实声明收集,确实声明收集,assistant_auto_review,2026-05-23T16:18:08.909841
MAC地址,东方财富,客户交易终端信息是客户委托记录、交易记录的重要组成部分，包括但不限于以下内容：电话号码、互联网通讯协议地址（IP地址）、媒介访问控制地址（MAC地址）以及其他能识别客户交易终端的特征代码。,1,确实声明收集,确实声明收集,assistant_auto_review,2026-05-23T16:18:08.909841
MAC地址,中国工商银行,（29）数美SDK：为了向您提供银联云网支付服务，我行使用的云闪付网络支付SDK中引用了数美SDK，该SDK需要收集设备型号、硬件序列号、系统版本号、MAC地址、IMEI、IMSI、地理位置，用于提供识别欺诈用户，保障交易安全服务。,4,确实声明收集,确实声明收集,assistant_auto_review,2026-05-23T16:18:08.909841
MAC地址,中国工商银行,（42）AnyChat SDK：为了向您提供证券开户服务，我行使用的凡泰极客SDK中引用了AnyChat SDK，该SDK需要收集获取设备号（IMEI、Android ID）、IP、MAC地址、手机型号信息，需要获取麦克风、摄像头、相册、定位权限，用于验证客户身份并进行在线证券开户。,5,确实声明收集,确实声明收集,assistant_auto_review,2026-05-23T16:18:08.909841
MAC地址,小荷健康,不同的标识符在有效期、是否可由用户重置以及获取方式方面会有所不同）、网络设备硬件地址（设备MAC地址）、IP 地址、WLAN接入点（如SSID，BSSID）、蓝牙（Bluetooth）、基站、软件版本号、网络接入方式、类型、状态、网络质量数据、操作、使用、服务日志、方向传感器、加速度传感器数据。,4,确实声明收集,确实声明收集,assistant_auto_review,2026-05-23T16:18:08.909841
MAC地址,平安证券,当您使用行情、资讯、投顾服务和投资分析工具时，我们会记录您的手机号码、IMEI，以校验您的账户权限，记录MAC地址、IP地址以区分请求来源，如果您拒绝提供前述信息，相应功能可能无法使用，但不影响您使用我们提供的其他服务。,1,否定,确实声明收集,assistant_auto_review,2026-05-23T16:18:08.909841
MAC地址,平安证券,如果产品功能涉及到您与平安证券签署投资顾问服务协议、产品风险揭示书等，我们将会使用您的交易账户登录验证功能，确保协议签署的有效性，需获取您的手机设备信息、IMEI、IP地址、MAC地址、IMSI、账号信息、身份信息、交易账号、口令密码、姓名、身份证件类型、身份证件号码、身份证件有效期、身份证件照片、性别、生日、民族、国籍。,4,确实声明收集,确实声明收集,assistant_auto_review,2026-05-23T16:18:08.909841
MAC地址,平安证券,当您使用行情、资讯、投顾服务和投资分析工具时，我们会记录您的手机号码、IMEI，以校验您的账户权限，记录MAC地址、IP地址以区分请求来源，如果您拒绝提供前述信息，相应功能可能无法使用，但不影响您使用我们提供的其他服务。,1,否定,确实声明收集,assistant_auto_review,2026-05-23T16:18:08.909841
交易信息,360借条,"在您启动/打开APP时，为了检测网络环境安全，同时为了恢复设备ID，落实《中华人民共和国反电信网络诈骗法》（以下简称""反电信网络诈骗法""）中的异常账户和可疑交易监测，我们将收集如下非必需信息：蜂窝网络IP/ID、sim卡序列号、MAC地址、IP地址、WiFi网关、蓝牙Mac地址、设备序列号（SN）、总存储空间大小、可使用存储空间大小、总内存空间大小、可使用内存空间大小、IOS设备的基站信息MCC及MNC、IOS设备广告追踪ID（IDFA ）、IOS设备应用开发商标识符（IDFV）。",4,确实声明收集,确实声明收集,assistant_auto_review,2026-05-23T16:18:08.909841
交易信息,360借条,您可以通过360借条查看您申请的贷款产品、购买的商城产品交易信息、订单信息及搜索信息、收藏信息，您知晓并同意我们将从平台相关合作方（包括贷款服务机构、商家、物流公司）收集、存储并处理您的交易信息及订单信息。,5,确实声明收集,确实声明收集,assistant_auto_review,2026-05-23T16:18:08.909841
交易信息,360借条,同时，我们根据《中华人民共和国网络安全法》规定，且为了监控系统服务稳定性，排除并减少产品崩溃情况，进行功能使用数、稳定性的分析处理，开展内部审计、数据分析和研究，防范反欺诈及盗用风险，以及处理客户相关诉求，收集留存必需的网络日志信息（即自您开启360借条时开始的操作记录包括打开、注册、登录360借条，在360借条上查看/浏览、点击、滑动、关闭、下单、上传、交易、搜索、修改的记录）。,8,确实声明收集,确实声明收集,assistant_auto_review,2026-05-23T16:18:08.909841
交易信息,360借条,在人脸识别、身份证及银行卡验证、行驶证拍摄、帮助中心意见反馈、在线客服自选选择上传、交易凭证上传、营业执照拍摄、公证视频录制、芝麻分认证、借呗额度认证、公积金认证、个税认证、寿险认证、商城退货凭证上传、更换头像、录屏认证、补充资料及评论上传、周转灵借款双录视频环节调用。,19,确实声明收集,确实声明收集,assistant_auto_review,2026-05-23T16:18:08.909841
交易信息,360借条,在人脸识别、身份证及银行卡验证、行驶证拍摄、帮助中心意见反馈、在线客服自选选择上传、交易凭证上传、营业执照拍摄、公证视频录制、芝麻分认证、借呗额度认证、公积金认证、个税认证、寿险认证、商城退货凭证上传、更换头像、评论上传以及补充资料上传视频、周转灵借款双录视频环节调用。,19,确实声明收集,确实声明收集,assistant_auto_review,2026-05-23T16:18:08.909841
交易信息,360借条,1 、我们承诺会根据相关法律法规及监管规定对您的个人信息（包括您主动提供的和我们自行收集、记录的所有数据、信息、资料和相应的交易行为记录、交易文件，下同）承担保密义务。,10,确实声明收集,确实声明收集,assistant_auto_review,2026-05-23T16:18:08.909841
交易信息,51Job,当您选择购买我们的服务时，我们会根据法律规定记录、保存在51Job上的服务信息、交易信息。,3,确实声明收集,确实声明收集,assistant_auto_review,2026-05-23T16:18:08.909841
交易信息,51Job,当您选择购买我们的服务时，我们会根据法律规定记录、保存在51Job上的服务信息、交易信息。,3,确实声明收集,确实声明收集,assistant_auto_review,2026-05-23T16:18:08.909841
交易信息,58同城,"10）交易可视化工具：当您 使用""58同城-二手房""交易可视化功能时，相关服务由上海巧房信息科技有限公司提供。",19,确实声明收集,确实声明收集,assistant_auto_review,2026-05-23T16:18:08.909841
交易信息,58同城,您在58同城上创建的某一交易中，交易任何一方履行或部分履行了交易义务并提出信息披露请求的，58同城会视情况向该用户提供其交易对方的联络方式必需信息，以促成交易的完成或纠纷的解决；,8,确实声明收集,确实声明收集,assistant_auto_review,2026-05-23T16:18:08.909841
人脸信息,360借条,如您使用不同设备登录360借条APP的，为保障您的账号安全，我们将通过face++SDK、阿里云活体检测SDK或腾讯云人脸核身 SDK为您提供人脸比对服务，在此种情形下，我们收集您的人脸信息用于身份核验，但我们不存储您的人脸信息。,1,否定,确实声明收集,assistant_auto_review,2026-05-23T16:18:08.909841
人脸信息,360借条,为了贷款服务机构能够准确评估您的信用状况，更为了防止您的贷款资金被不法分子获取、落实反欺诈防范风险、保障您的账户资金安全，您需要提供如下必需信息：姓名、身份证信息、人脸信息（本人身份核验）、设备信息（即蜂窝网络IP/ID、sim卡序列号、设备的android id、MAC地址、IP地址、WiFi网关、设备的IMEI号、WiFi的SSID、WiFi的BSSID、蓝牙Mac地址、设备IMSI、设备序列号（SN）、补充设备标识符OAID、总存储空间大小、可使用存储空间大小、总内存空间大小、可使用内存空间大小、IOS设备的基站信息MCC及MNC、IOS设备广告追踪ID（IDFA）、IOS设备应用开发商标识符(IDFV)、电话状态。,1,确实声明收集,确实声明收集,assistant_auto_review,2026-05-23T16:18:08.909841
人脸信息,360借条,在授信评估环节，如您使用OCR识别功能的，需要调用相机权限进行人脸识别和身份证识别，或调用NFC权限进行身份证识别；,1,确实声明收集,确实声明收集,assistant_auto_review,2026-05-23T16:18:08.909841
人脸信息,360借条,必需信息：姓名（直接使用已提供的信息）、身份证信息（如授信阶段已经提供且未过期，则将直接使用）、银行卡信息（如授信阶段已经提供，则将直接使用）、人脸信息（如在不同设备上登录您的账户，用于本人身份核验，保护账户安全）、联系人信息（如授信阶段未提供，则需要补充提供）、定位信息（区域性放款准入及学生准入拒绝）和设备信息（即蜂窝网络IP/ID、sim卡序列号、设备的android id、MAC地址、IP地址、WiFi网关、设备的IMEI号、WiFi的SSID、WiFi的BSSID、蓝牙Mac地址、设备IMSI、设备序列号、补充设备标识符OAID、总存储空间大小、可使用存储空间大小、总内存空间大小、可使用内存空间大小、IOS设备的基站信息MCC及MNC、IOS设备广告追踪ID、IOS设备应用开发商标识符、电话状态。,1,确实声明收集,确实声明收集,assistant_auto_review,2026-05-23T16:18:08.909841
人脸信息,360借条,在进行人脸识别和/或身份证识别时，如您使用OCR识别功能的，需要调用相机权限，或调用NFC权限；,1,确实声明收集,确实声明收集,assistant_auto_review,2026-05-23T16:18:08.909841
人脸信息,360借条,为了保证您及他人的合法权益，如您被他人投诉或投诉他人或者公安机关报案，我们会将您的姓名及有效证件号码、联系方式、投诉相关内容、360借条注册相关信息、贷款信息、人脸照片提供给消费者权益保护部门、公安机关、监管机关及法院和仲裁机构，以便及时解决投诉纠纷及协助配合刑事犯罪调查，但法律法规明确禁止提供的除外。,1,确实声明收集,确实声明收集,assistant_auto_review,2026-05-23T16:18:08.909841
人脸信息,360借条,此外，如需采集人脸信息，我们将使用FACE++活体检测SDK、阿里云活体检测SDK或腾讯云人脸核身 SDK为您提供人脸识别服务。,19,确实声明收集,确实声明收集,assistant_auto_review,2026-05-23T16:18:08.909841
人脸信息,360借条,在身份证及银行卡验证、人脸识别、在线客服自主选择上传环节调用.,1,确实声明收集,确实声明收集,assistant_auto_review,2026-05-23T16:18:08.909841
人脸信息,360借条,在身份证及银行卡验证、人脸识别、在线客服自主选择上传环节调用.,1,确实声明收集,确实声明收集,assistant_auto_review,2026-05-23T16:18:08.909841
人脸信息,51Job,实名认证服务：本服务由腾讯云慧眼和中胜信用管理有限公司提供技术支持，通过手机号核验、身份信息核验、人脸核验等方式确认您身份的真实性，并将认证结果反馈给前程无忧51Job的服务。,5,确实声明收集,确实声明收集,assistant_auto_review,2026-05-23T16:18:08.909841
出生日期,51Job,微人才中会收集求职者的姓名、手机、邮箱、性别、出生日期、最高学历、工作年限、公司、职位、附件，求职者填写、勾选同意此用户规则提交后，上述数据会进入内推后台系统、供hr管理使用。,1,确实声明收集,确实声明收集,assistant_auto_review,2026-05-23T16:18:08.909841
出生日期,58同城,您补充的账户信息将有助于我们为您提供个性化的服务推荐和更优的服务体验，包括：提升账号的安全性，以便您享受更好的保障服务；,6,不确定,不确定,assistant_auto_review,2026-05-23T16:18:08.909841
出生日期,Blued极速版,当您创建 Blued ID时，我们会收集您的昵称、头像、出生日期、手机号码、邮箱地址，收集这些信息是为了帮助您完成注册，保护您帐号的安全并完成网络实名制的要求，同时，您可以选择向我们提供身份证信息、面部特征识别信息，留存并完善实名认证。,1,确实声明收集,确实声明收集,assistant_auto_review,2026-05-23T16:18:08.909841
出生日期,Soul,智能辅助聊天：为了提供智能辅助聊天服务，我们会使用您注册时提供的基本资料（包括昵称、年龄/生日、性别、所在地、引力签）、您使用服务期间产生的行为数据（包括注册时间、「瞬间」、互动记录、网络日志），用于完善算法功能，以根据您的选择提供智能辅助聊天服务（如AI苟蛋、异世界回响）。,4,确实声明收集,确实声明收集,assistant_auto_review,2026-05-23T16:18:08.909841
出生日期,Soul,个性化内容：为了向您展示、推荐或推送您可能感兴趣的图文视频/群组/派对/「瞬间」话题，提供搜索结果，推荐商品和服务，我们会使用您注册时提供的基本资料（包括年龄/生日、性别、所在地、引力签、学业情况）、您使用服务期间产生的行为数据（包括注册时间、「瞬间」、用户互动记录、网络日志）、消费情况和设备信息，形成用户属性分类，并对不同属性的用户采用不同的内容展示策略。,3,确实声明收集,确实声明收集,assistant_auto_review,2026-05-23T16:18:08.909841
出生日期,Soul,个性化广告：为了向您展示、推荐或推送与您的偏好有更高匹配及关联程度的广告，我们会使用您注册时提供的基本资料（包括年龄/生日、性别、所在地、时区、引力签）、您使用服务期间产生的行为数据（包括广告点击、转化情况、网络日志）设备信息和网络类型，形成用户特征标签，并根据广告主指定的目标人群类型，通过系统自动化地将广告投放给相关人群用户。,13,确实声明收集,确实声明收集,assistant_auto_review,2026-05-23T16:18:08.909841
出生日期,Soul,个性化匹配：为了在「用户匹配」功能如灵魂匹配、恋爱铃等中向您展示、推荐或推送与您有更高相关程度的用户，我们会使用您注册时提供的基本资料（包括年龄/生日、性别、所在地、引力签）、您使用服务期间产生的行为数据（包括「瞬间」、用户互动、匹配记录、网络日志）、消费情况和设备信息，形成用户画像，并为用户提供爱好相似等合适的聊天对象。,3,确实声明收集,确实声明收集,assistant_auto_review,2026-05-23T16:18:08.909841
出生日期,世纪佳缘,我们还会收集您的昵称、性别、生日、婚姻状况，上述信息系我们提供婚恋交友基本功能所必要的个人信息，收集这些信息是为了帮助您完成注册，建立您的征婚档案，提供基本的婚恋交友服务。,1,确实声明收集,确实声明收集,assistant_auto_review,2026-05-23T16:18:08.909841
出生日期,世纪佳缘,（3）您可以使用第三方账号登录世纪佳缘，但需要授权我们获取您在第三方平台注册的个人信息（昵称、生日、地区、婚姻、学历、收入、身高、性别以及您授权的其他信息），用于与我们账号绑定，使您可以直接注册、登录并使用我们服务。,1,确实声明收集,确实声明收集,assistant_auto_review,2026-05-23T16:18:08.909841
出生日期,小红书,1.为了向您提供我们最核心的信息展示服务并向您推荐可能感兴趣的笔记及相关信息，我们会收集您填写个人资料、您的性别、生日、浏览记录（您的关注、浏览）和点击操作记录（兴趣、点击、搜索、点赞、收藏、分享、评论、发布记录及有关行为）。,1,确实声明收集,确实声明收集,assistant_auto_review,2026-05-23T16:18:08.909841
地理位置信息,360借条,如您选择提供非必需信息即通讯录、通话记录以及定位信息，此种情况下需要调用通讯录权限、通话记录权限以及定位信息权限。,3,确实声明收集,确实声明收集,assistant_auto_review,2026-05-23T16:18:08.909841
地理位置信息,360借条,如您同意提供定位信息的，我们将通过定位技术成熟的高德定位SDK收集经度及纬度并通过解析前述经纬度后获取您的详细位置信息，但我们不会收集您的行踪轨迹。,12,否定,不确定,assistant_auto_review,2026-05-23T16:18:08.909841
地理位置信息,360借条,必需信息：姓名（直接使用已提供的信息）、身份证信息（如授信阶段已经提供且未过期，则将直接使用）、银行卡信息（如授信阶段已经提供，则将直接使用）、人脸信息（如在不同设备上登录您的账户，用于本人身份核验，保护账户安全）、联系人信息（如授信阶段未提供，则需要补充提供）、定位信息（区域性放款准入及学生准入拒绝）和设备信息（即蜂窝网络IP/ID、sim卡序列号、设备的android id、MAC地址、IP地址、WiFi网关、设备的IMEI号、WiFi的SSID、WiFi的BSSID、蓝牙Mac地址、设备IMSI、设备序列号、补充设备标识符OAID、总存储空间大小、可使用存储空间大小、总内存空间大小、可使用内存空间大小、IOS设备的基站信息MCC及MNC、IOS设备广告追踪ID、IOS设备应用开发商标识符、电话状态。,1,确实声明收集,确实声明收集,assistant_auto_review,2026-05-23T16:18:08.909841
地理位置信息,360借条,如您选择提供非必需信息即通讯录、通话记录以及定位信息，此种情况下需要调用通讯录权限、通话记录权限以及定位信息权限。,3,确实声明收集,确实声明收集,assistant_auto_review,2026-05-23T16:18:08.909841
地理位置信息,360借条,在涉及定位获取的环节，为了获取用户的准确定位，将通过高德定位SDK进行，在该SDK获取时为了提高室内环境定位准确率，会涉及该权限的调取。,3,不确定,不确定,assistant_auto_review,2026-05-23T16:18:08.909841
地理位置信息,360借条,持续访问和使用期间访问地理位置.,3,确实声明收集,确实声明收集,assistant_auto_review,2026-05-23T16:18:08.909841
地理位置信息,51Job,当您使用查看附近职位、搜索-距离优先排序、查看通勤距离功能时，我们会收集您的位置信息，以更好地为您提供招聘功能以及与位置有关的产品和/或服务。,2,确实声明收集,确实声明收集,assistant_auto_review,2026-05-23T16:18:08.909841
地理位置信息,51Job,我们在首次申请获取您的位置信息（GPS定位）前，将先征求您的授权同意。,3,确实声明收集,确实声明收集,assistant_auto_review,2026-05-23T16:18:08.909841
地理位置信息,51Job,我们承诺仅会在您主动使用相关功能时获取您的位置信息，仅按照提供相关服务所需的最低频率收集您的位置信息，不会追踪您的行踪轨迹。,2,确实声明收集,确实声明收集,assistant_auto_review,2026-05-23T16:18:08.909841
地理位置信息,51Job,此类信息属于该功能的非必需信息，如果拒绝授权，您将无法自动定位，但可以选择手动输入目标求职地点或使用不需要位置信息的招聘或求职功能。,3,确实声明收集,确实声明收集,assistant_auto_review,2026-05-23T16:18:08.909841
头像,360借条,在人脸识别、身份证及银行卡验证、行驶证拍摄、帮助中心意见反馈、在线客服自选选择上传、交易凭证上传、营业执照拍摄、公证视频录制、芝麻分认证、借呗额度认证、公积金认证、个税认证、寿险认证、商城退货凭证上传、更换头像、录屏认证、补充资料及评论上传、周转灵借款双录视频环节调用。,19,确实声明收集,确实声明收集,assistant_auto_review,2026-05-23T16:18:08.909841
头像,360借条,在人脸识别、身份证及银行卡验证、行驶证拍摄、帮助中心意见反馈、在线客服自选选择上传、交易凭证上传、营业执照拍摄、公证视频录制、芝麻分认证、借呗额度认证、公积金认证、个税认证、寿险认证、商城退货凭证上传、更换头像、评论上传以及补充资料上传视频、周转灵借款双录视频环节调用。,19,确实声明收集,确实声明收集,assistant_auto_review,2026-05-23T16:18:08.909841
头像,360借条,邀请好友时，进行活动图片分享及获取时涉及保存至照片库在商品退款、商品评论、身份证照片、客服咨询、意见反馈、头像选择、凭证上传中涉及图片的选择。,19,确实声明收集,确实声明收集,assistant_auto_review,2026-05-23T16:18:08.909841
头像,360借条,在商品退款、商品评论、身份证照片、客服咨询、意见反馈、头像选择、凭证上传、补充资料中涉及图片/视频的选择。,6,确实声明收集,确实声明收集,assistant_auto_review,2026-05-23T16:18:08.909841
头像,51Job,在您选择照片、图像上传为个人头像时，需要调用您设备的存储权限（Android系统）/相册权限（iOS系统）/本地文件访问权限（51Job PC）；,19,确实声明收集,确实声明收集,assistant_auto_review,2026-05-23T16:18:08.909841
头像,51Job,若您拒绝相关系统权限，您可能无法选择或使用心仪的头像，或无法创建视频简介，或无法添加个人作品，或无法上传附件简历，但不影响您使用在线简历其他功能。,7,确实声明收集,确实声明收集,assistant_auto_review,2026-05-23T16:18:08.909841
头像,51Job,在同行（论坛）中更换头像、发帖时，支持调用相机拍摄图片上传。,19,确实声明收集,确实声明收集,assistant_auto_review,2026-05-23T16:18:08.909841
头像,51Job,在同行（论坛）中更换头像、发布图文帖时，支持上传相册图片。,19,确实声明收集,确实声明收集,assistant_auto_review,2026-05-23T16:18:08.909841
头像,51Job,在同行（论坛）中更换头像、发布图文帖，支持上传相册图片。,19,确实声明收集,确实声明收集,assistant_auto_review,2026-05-23T16:18:08.909841
头像,51Job,"您的论坛信息：当您使用同行（论坛）服务时，我们会收集和使用您的头像和昵称信息，其中，昵称您可以选择简历中的真实姓名或以X先生/女生进行展示，您登录前程无忧 App后可以通过底部导航""我的""-""创作者中心""，访问、管理您的论坛资料，对您的论坛资料进行编辑调整。",1,确实声明收集,确实声明收集,assistant_auto_review,2026-05-23T16:18:08.909841
姓名,360借条,您在申请或使用360借条上提供的产品和/或服务时，我们需要根据《中华人民共和国反洗钱》等法律法规、规章及规范性文件的规定完成反洗钱、实名制认证以及授信额度评估，客户身份识别，也为了防范欺诈风险，保障账号安全，您需要提供如下必需信息：您的真实姓名、中国大陆身份证信息（身份证件号码、身份证件有效期、身份证件影像件）、人脸照片、身份证照片。,10,确实声明收集,确实声明收集,assistant_auto_review,2026-05-23T16:18:08.909841
姓名,360借条,为了贷款服务机构能够准确评估您的信用状况，更为了防止您的贷款资金被不法分子获取、落实反欺诈防范风险、保障您的账户资金安全，您需要提供如下必需信息：姓名、身份证信息、人脸信息（本人身份核验）、设备信息（即蜂窝网络IP/ID、sim卡序列号、设备的android id、MAC地址、IP地址、WiFi网关、设备的IMEI号、WiFi的SSID、WiFi的BSSID、蓝牙Mac地址、设备IMSI、设备序列号（SN）、补充设备标识符OAID、总存储空间大小、可使用存储空间大小、总内存空间大小、可使用内存空间大小、IOS设备的基站信息MCC及MNC、IOS设备广告追踪ID（IDFA）、IOS设备应用开发商标识符(IDFV)、电话状态。,1,确实声明收集,确实声明收集,assistant_auto_review,2026-05-23T16:18:08.909841
姓名,360借条,必需信息：姓名（直接使用已提供的信息）、身份证信息（如授信阶段已经提供且未过期，则将直接使用）、银行卡信息（如授信阶段已经提供，则将直接使用）、人脸信息（如在不同设备上登录您的账户，用于本人身份核验，保护账户安全）、联系人信息（如授信阶段未提供，则需要补充提供）、定位信息（区域性放款准入及学生准入拒绝）和设备信息（即蜂窝网络IP/ID、sim卡序列号、设备的android id、MAC地址、IP地址、WiFi网关、设备的IMEI号、WiFi的SSID、WiFi的BSSID、蓝牙Mac地址、设备IMSI、设备序列号、补充设备标识符OAID、总存储空间大小、可使用存储空间大小、总内存空间大小、可使用内存空间大小、IOS设备的基站信息MCC及MNC、IOS设备广告追踪ID、IOS设备应用开发商标识符、电话状态。,1,确实声明收集,确实声明收集,assistant_auto_review,2026-05-23T16:18:08.909841
姓名,360借条,在您使用360借条进行支付、还款、授权自动扣款时，您需提供如下必需信息：银行卡卡号、有效期、银行预留手机号、持卡人姓名、持卡人身份证件、短信验证码，您可以通过主动上传或者一键绑卡的形式提供。,8,确实声明收集,确实声明收集,assistant_auto_review,2026-05-23T16:18:08.909841
姓名,360借条,为保证您的账号安全，我们的客服会使用您的姓名、手机号码、身份证号码来核验您的身份且为了后续客服处理纠纷，我们将收集您与客服/催收的通话录音及在线聊天记录，这些为必需信息。,1,确实声明收集,确实声明收集,assistant_auto_review,2026-05-23T16:18:08.909841
姓名,360借条,如您参与360借条平台活动，涉及提取现金的，为保证您的账号安全，顺利完成现金提取，我们将收集您的必需信息：姓名、身份证、银行卡号、银行预留手机号信息，否则您将无法完成提现操作。,19,确实声明收集,确实声明收集,assistant_auto_review,2026-05-23T16:18:08.909841
姓名,360借条,请您知悉，除您另有书面授权外，我们不会向任何提供技术服务和技术支持的外部第三方SDK共享包括姓名、身份证、手机号码及银行卡等在内的任何您的敏感个人信息。,1,否定,确实声明收集,assistant_auto_review,2026-05-23T16:18:08.909841
姓名,360借条,除非得到您的许可，否则我们不会将您的个人身份信息（指可以识别您身份的信息，例如姓名或电子邮箱）与提供广告、分析服务的合作伙伴分享。,1,确实声明收集,确实声明收集,assistant_auto_review,2026-05-23T16:18:08.909841
姓名,51Job,如开具的纸质发票需要邮寄，还需要用户提供收件人姓名、手机号和快递地址，我们会以顺丰到付的形式寄出，51Job客服会反馈给您快递单号，还请您注意查收。,5,确实声明收集,确实声明收集,assistant_auto_review,2026-05-23T16:18:08.909841
姓名,51Job,如开具的纸质发票需要邮寄，还需要用户提供收件人姓名、手机号和快递地址，我们会以顺丰到付的形式寄出，51Job客服会反馈给您快递单号，还请您注意查收。,5,确实声明收集,确实声明收集,assistant_auto_review,2026-05-23T16:18:08.909841
年龄,51Job,我们将在信息收集的相关功能中对年龄进行限定，如果您未满十六周岁，请不要以任何方式使用或访问51Job平台。,11,确实声明收集,确实声明收集,assistant_auto_review,2026-05-23T16:18:08.909841
年龄,51Job,我们将在信息收集的相关功能中对年龄进行限定，如果您未满十六周岁，请不要以任何方式使用或访问51Job平台。,11,确实声明收集,确实声明收集,assistant_auto_review,2026-05-23T16:18:08.909841
年龄,Soul,4）出生年月日：我们会基于您提供的出生年月日判断您的年龄，如果您低于18周岁或者在注册时不向我们提供您的出生年月日信息的，您将无法注册成为我们的用户并继续使用本产品与/或服务。,11,否定,确实声明收集,assistant_auto_review,2026-05-23T16:18:08.909841
年龄,Soul,智能辅助聊天：为了提供智能辅助聊天服务，我们会使用您注册时提供的基本资料（包括昵称、年龄/生日、性别、所在地、引力签）、您使用服务期间产生的行为数据（包括注册时间、「瞬间」、互动记录、网络日志），用于完善算法功能，以根据您的选择提供智能辅助聊天服务（如AI苟蛋、异世界回响）。,4,确实声明收集,确实声明收集,assistant_auto_review,2026-05-23T16:18:08.909841
年龄,Soul,个性化内容：为了向您展示、推荐或推送您可能感兴趣的图文视频/群组/派对/「瞬间」话题，提供搜索结果，推荐商品和服务，我们会使用您注册时提供的基本资料（包括年龄/生日、性别、所在地、引力签、学业情况）、您使用服务期间产生的行为数据（包括注册时间、「瞬间」、用户互动记录、网络日志）、消费情况和设备信息，形成用户属性分类，并对不同属性的用户采用不同的内容展示策略。,3,确实声明收集,确实声明收集,assistant_auto_review,2026-05-23T16:18:08.909841
年龄,Soul,个性化广告：为了向您展示、推荐或推送与您的偏好有更高匹配及关联程度的广告，我们会使用您注册时提供的基本资料（包括年龄/生日、性别、所在地、时区、引力签）、您使用服务期间产生的行为数据（包括广告点击、转化情况、网络日志）设备信息和网络类型，形成用户特征标签，并根据广告主指定的目标人群类型，通过系统自动化地将广告投放给相关人群用户。,13,确实声明收集,确实声明收集,assistant_auto_review,2026-05-23T16:18:08.909841
年龄,Soul,个性化匹配：为了在「用户匹配」功能如灵魂匹配、恋爱铃等中向您展示、推荐或推送与您有更高相关程度的用户，我们会使用您注册时提供的基本资料（包括年龄/生日、性别、所在地、引力签）、您使用服务期间产生的行为数据（包括「瞬间」、用户互动、匹配记录、网络日志）、消费情况和设备信息，形成用户画像，并为用户提供爱好相似等合适的聊天对象。,3,确实声明收集,确实声明收集,assistant_auto_review,2026-05-23T16:18:08.909841
年龄,Soul,您理解并承诺，您向我们提供的本人年龄信息是真实的，如果我们通过技术手段分析并计算出您可能属于未成年人的，我们有权对您的Soul账号采取限制措施，即限制您账号进行浏览、使用特定功能和消费行为。,11,确实声明收集,确实声明收集,assistant_auto_review,2026-05-23T16:18:08.909841
年龄,世纪佳缘,当您使用节目招募功能进行相亲交友节目报名时，世纪佳缘会收集您的姓名、性别、年龄、城市、手机号、身高、学历、职业；,1,确实声明收集,确实声明收集,assistant_auto_review,2026-05-23T16:18:08.909841
年龄,小荷健康,c.预约检测/齿科/体检/医疗美容等消费医疗服务：在您通过小荷健康预约线下医疗机构的检测/齿科/体检/医疗美容等消费医疗服务时，在服务过程中小荷健康可能会向您收集姓名、手机号码、身份证件号码、性别、年龄等信息，并可能需要小荷健康将上述信息提供给实际提供服务的具体服务提供者（如第三方合作机构），以便该服务提供者直接为您提供服务。,19,确实声明收集,确实声明收集,assistant_auto_review,2026-05-23T16:18:08.909841
性别,51Job,微人才中会收集求职者的姓名、手机、邮箱、性别、出生日期、最高学历、工作年限、公司、职位、附件，求职者填写、勾选同意此用户规则提交后，上述数据会进入内推后台系统、供hr管理使用。,1,确实声明收集,确实声明收集,assistant_auto_review,2026-05-23T16:18:08.909841
性别,Keep,您可以通过左上角「我」-左上角-「设置」-「个人资料」进行访问、更正自己的个人资料，含头像、昵称、性别（半年仅可修改一次）、生日、所在城市、简介；,19,确实声明收集,确实声明收集,assistant_auto_review,2026-05-23T16:18:08.909841
性别,Soul,5）性别及昵称：我们会基于您提供的性别信息为您提供性别匹配服务，如果您不提供此类信息，将导致注册失败，您将无法注册并继续使用本产品与/或服务。,1,否定,确实声明收集,assistant_auto_review,2026-05-23T16:18:08.909841
性别,Soul,智能辅助聊天：为了提供智能辅助聊天服务，我们会使用您注册时提供的基本资料（包括昵称、年龄/生日、性别、所在地、引力签）、您使用服务期间产生的行为数据（包括注册时间、「瞬间」、互动记录、网络日志），用于完善算法功能，以根据您的选择提供智能辅助聊天服务（如AI苟蛋、异世界回响）。,4,确实声明收集,确实声明收集,assistant_auto_review,2026-05-23T16:18:08.909841
性别,Soul,个性化内容：为了向您展示、推荐或推送您可能感兴趣的图文视频/群组/派对/「瞬间」话题，提供搜索结果，推荐商品和服务，我们会使用您注册时提供的基本资料（包括年龄/生日、性别、所在地、引力签、学业情况）、您使用服务期间产生的行为数据（包括注册时间、「瞬间」、用户互动记录、网络日志）、消费情况和设备信息，形成用户属性分类，并对不同属性的用户采用不同的内容展示策略。,3,确实声明收集,确实声明收集,assistant_auto_review,2026-05-23T16:18:08.909841
性别,Soul,个性化广告：为了向您展示、推荐或推送与您的偏好有更高匹配及关联程度的广告，我们会使用您注册时提供的基本资料（包括年龄/生日、性别、所在地、时区、引力签）、您使用服务期间产生的行为数据（包括广告点击、转化情况、网络日志）设备信息和网络类型，形成用户特征标签，并根据广告主指定的目标人群类型，通过系统自动化地将广告投放给相关人群用户。,13,确实声明收集,确实声明收集,assistant_auto_review,2026-05-23T16:18:08.909841
性别,Soul,个性化匹配：为了在「用户匹配」功能如灵魂匹配、恋爱铃等中向您展示、推荐或推送与您有更高相关程度的用户，我们会使用您注册时提供的基本资料（包括年龄/生日、性别、所在地、引力签）、您使用服务期间产生的行为数据（包括「瞬间」、用户互动、匹配记录、网络日志）、消费情况和设备信息，形成用户画像，并为用户提供爱好相似等合适的聊天对象。,3,确实声明收集,确实声明收集,assistant_auto_review,2026-05-23T16:18:08.909841
性别,Soul,您通过Soul App使用第三方提供的游戏服务时，如第三方需使用您的个人信息，我们会在您授权同意后将您的用户ID、账号昵称、头像、性别提供给第三方游戏合作伙伴。,1,确实声明收集,确实声明收集,assistant_auto_review,2026-05-23T16:18:08.909841
性别,世纪佳缘,我们还会收集您的昵称、性别、生日、婚姻状况，上述信息系我们提供婚恋交友基本功能所必要的个人信息，收集这些信息是为了帮助您完成注册，建立您的征婚档案，提供基本的婚恋交友服务。,1,确实声明收集,确实声明收集,assistant_auto_review,2026-05-23T16:18:08.909841
性别,世纪佳缘,当您使用节目招募功能进行相亲交友节目报名时，世纪佳缘会收集您的姓名、性别、年龄、城市、手机号、身高、学历、职业；,1,确实声明收集,确实声明收集,assistant_auto_review,2026-05-23T16:18:08.909841
手机号码,360借条,我们需要收集您提供的手机号码（包括本机电话号码）、短信验证码来创建账号，或者您可以使用运营商登录（本机号码一键登录&本机号码校验登录）的方式登录。,19,确实声明收集,确实声明收集,assistant_auto_review,2026-05-23T16:18:08.909841
手机号码,360借条,同时，为判断运营商登录（本机号码一键登录&本机号码校验登录）服务下运营商的类型，我们将收集必需的手机号码对应的运营商信息，且您登录APP的设备为IOS的，我们将收集必需的设备信息即MCC和MNC，如您拒绝，您将无法使用运营商登录（本机号码一键登录&本机号码校验登录），但不影响您通过手机号码及短信验证码的方式注册/登录。,19,确实声明收集,确实声明收集,assistant_auto_review,2026-05-23T16:18:08.909841
手机号码,360借条,在您使用360借条进行支付、还款、授权自动扣款时，您需提供如下必需信息：银行卡卡号、有效期、银行预留手机号、持卡人姓名、持卡人身份证件、短信验证码，您可以通过主动上传或者一键绑卡的形式提供。,8,确实声明收集,确实声明收集,assistant_auto_review,2026-05-23T16:18:08.909841
手机号码,360借条,为保证您的账号安全，我们的客服会使用您的姓名、手机号码、身份证号码来核验您的身份且为了后续客服处理纠纷，我们将收集您与客服/催收的通话录音及在线聊天记录，这些为必需信息。,1,确实声明收集,确实声明收集,assistant_auto_review,2026-05-23T16:18:08.909841
手机号码,360借条,我们使用国际通用加密技术向第三方机构传输您的手机号码（必需信息），供第三方机构对您进行身份验证，一旦您的身份验证通过后，第三方机构将为您形成您的个人报告（具体以第三方机构提供的为准）。,10,确实声明收集,确实声明收集,assistant_auto_review,2026-05-23T16:18:08.909841
手机号码,360借条,例如∶您注册360借条平台时，我们需要收集您的手机号码，并在您使用360借条平台服务期间，持续保存您的手机号码，以保证您可以正常登录360借条平台并正常使用相关服务。,19,确实声明收集,确实声明收集,assistant_auto_review,2026-05-23T16:18:08.909841
手机号码,360借条,iv.我们建立了数据分级分类管理制度，对您的敏感个人信息如手机号码、身份证号全程进行加密处理，并设置严格的数据访问权限和个人信息处理的操作权限，确保您的个人信息安全；,1,确实声明收集,确实声明收集,assistant_auto_review,2026-05-23T16:18:08.909841
手机号码,51Job,如开具的纸质发票需要邮寄，还需要用户提供收件人姓名、手机号和快递地址，我们会以顺丰到付的形式寄出，51Job客服会反馈给您快递单号，还请您注意查收。,5,确实声明收集,确实声明收集,assistant_auto_review,2026-05-23T16:18:08.909841
手机号码,51Job,如开具的纸质发票需要邮寄，还需要用户提供收件人姓名、手机号和快递地址，我们会以顺丰到付的形式寄出，51Job客服会反馈给您快递单号，还请您注意查收。,5,确实声明收集,确实声明收集,assistant_auto_review,2026-05-23T16:18:08.909841
手机号码,51Job,如开具的纸质发票需要邮寄，还需要用户提供收件人姓名、手机号和快递地址，我们会以顺丰到付的形式寄出，51Job客服会反馈给您快递单号，还请您注意查收。,5,确实声明收集,确实声明收集,assistant_auto_review,2026-05-23T16:18:08.909841
指纹信息,360借条,1、如设备支持且主动设置了指纹登录、指纹支付时，涉及该权限的获取，我们仅获取信息校验的结果不会获取设备内的指纹信息。,21,否定,不确定,assistant_auto_review,2026-05-23T16:18:08.909841
指纹信息,58同城,若您使用支持指纹识别的苹果设备&安卓设备，您可以使用58APP中的指纹支付、指纹解锁（登录）功能。,19,确实声明收集,确实声明收集,assistant_auto_review,2026-05-23T16:18:08.909841
指纹信息,58同城,您需要在您的设备上提前录入面容信息或指纹信息，并在使用服务时在您的设备上完成信息验证。,19,确实声明收集,确实声明收集,assistant_auto_review,2026-05-23T16:18:08.909841
指纹信息,58同城,指纹识别功能通过腾讯指纹认证SDK（Android端）实现，sdk将收集并使用您的设备型号、指纹传感器权限、相机权限，不提供上述必需信息将无法实现指纹登录功能。,21,否定,确实声明收集,assistant_auto_review,2026-05-23T16:18:08.909841
指纹信息,中国工商银行,（2）为了让您更安全、便捷地使用登录服务，如您的设备与融e行移动端版本均支持指纹/面容ID功能，您可以选择通过指纹/面容ID功能登录融e行移动端。,19,确实声明收集,确实声明收集,assistant_auto_review,2026-05-23T16:18:08.909841
指纹信息,中国工商银行,（11）基于指纹的功能：您可使用指纹登录、指纹登录设置等服务。,19,确实声明收集,确实声明收集,assistant_auto_review,2026-05-23T16:18:08.909841
指纹信息,中国工商银行,上述功能可能需要您在您的设备中向我行开启您的相机（摄像头）、相册（图片库）、地理位置（位置信息）、麦克风、蓝牙、Face ID、存储空间、电话、NFC、通讯录、指纹、剪切板、投屏录屏、应用内下载安装App、悬浮窗的访问权限，以实现这些功能所涉及的信息的收集和使用。,19,确实声明收集,确实声明收集,assistant_auto_review,2026-05-23T16:18:08.909841
指纹信息,中国工商银行,（16）国民认证（FIDO）SDK：为了向您提供指纹、3D人脸等安全认证服务，我行使用了国民认证（FIDO）SDK，该SDK需要收集手机设备型号、设备名称、手机厂商名称、操作系统版本，用于机型兼容性支持和问题排查。,10,确实声明收集,确实声明收集,assistant_auto_review,2026-05-23T16:18:08.909841
指纹信息,京东健康,若您使用支持指纹识别的苹果设备，您可以使用京东健康 APP 中的指纹支付、指纹解锁功能。,19,确实声明收集,确实声明收集,assistant_auto_review,2026-05-23T16:18:08.909841
指纹信息,京东健康,您需要在您的设备上提前录入面容信息或指纹信息，并在使用服务时在您的设备上完成信息验证。,19,确实声明收集,确实声明收集,assistant_auto_review,2026-05-23T16:18:08.909841
搜索记录,360借条,同时，我们根据《中华人民共和国网络安全法》规定，且为了监控系统服务稳定性，排除并减少产品崩溃情况，进行功能使用数、稳定性的分析处理，开展内部审计、数据分析和研究，防范反欺诈及盗用风险，以及处理客户相关诉求，收集留存必需的网络日志信息（即自您开启360借条时开始的操作记录包括打开、注册、登录360借条，在360借条上查看/浏览、点击、滑动、关闭、下单、上传、交易、搜索、修改的记录）。,8,确实声明收集,确实声明收集,assistant_auto_review,2026-05-23T16:18:08.909841
搜索记录,51Job,当您使用51Job平台提供的搜索订阅功能时，我们会根据您的订阅条件以您选定的接收方式，提供跟您的订阅要求相符合的职位信息。,3,确实声明收集,确实声明收集,assistant_auto_review,2026-05-23T16:18:08.909841
搜索记录,51Job,当您使用查看附近职位、搜索-距离优先排序、查看通勤距离功能时，我们会收集您的位置信息，以更好地为您提供招聘功能以及与位置有关的产品和/或服务。,2,确实声明收集,确实声明收集,assistant_auto_review,2026-05-23T16:18:08.909841
搜索记录,51Job,当您使用查看附近职位、搜索-距离优先排序功能时，需要获取您的位置信息（GPS定位），如您拒绝授权，将无法自动定位，但可以选择手动输入目标求职地点。,3,确实声明收集,确实声明收集,assistant_auto_review,2026-05-23T16:18:08.909841
搜索记录,51Job,您在查看附近职位、搜索-距离优先排序时，需要使用百度地图SDK和百度定位SDK以便实现定位或匹配位置，您可以通过拒绝系统权限来阻止其获得您的位置信息。,22,确实声明收集,确实声明收集,assistant_auto_review,2026-05-23T16:18:08.909841
搜索记录,51Job,"当您使用我们的求职推荐功能时，我们会通过您求职者用户身份填写的简历（基本信息、简历亮点、求职意向、职位技能&经验、工作经验、教育经历）并结合您在51Job平台的使用习惯（如：操作记录、搜索、申请记录、聊天行为、订阅、浏览、收藏、屏蔽公司设置及简历公开设置）为您推荐、展示您可能感兴趣的或与您较为匹配的职位信息、公司信息，例如首页推荐职位列表、搜索结果职位列表、职位详情""你可能还喜欢""职位列表等。",3,确实声明收集,确实声明收集,assistant_auto_review,2026-05-23T16:18:08.909841
搜索记录,51Job,当您使用51Job平台提供的搜索订阅功能时，我们会根据您的订阅条件以您选定的接收方式，提供跟您的订阅要求相符合的职位信息。,3,确实声明收集,确实声明收集,assistant_auto_review,2026-05-23T16:18:08.909841
搜索记录,51Job,当您使用查看附近职位、搜索-距离优先排序、查看通勤距离功能时，我们会收集您的位置信息，以更好地为您提供招聘功能以及与位置有关的产品和/或服务。,2,确实声明收集,确实声明收集,assistant_auto_review,2026-05-23T16:18:08.909841
搜索记录,51Job,当您使用查看附近职位、搜索-距离优先排序功能时，需要获取您的位置信息（GPS定位），如您拒绝授权，将无法自动定位，但可以选择手动输入目标求职地点。,3,确实声明收集,确实声明收集,assistant_auto_review,2026-05-23T16:18:08.909841
搜索记录,51Job,您在查看附近职位、搜索-距离优先排序时，需要使用百度地图SDK和百度定位SDK以便实现定位或匹配位置，您可以通过拒绝系统权限来阻止其获得您的位置信息。,22,确实声明收集,确实声明收集,assistant_auto_review,2026-05-23T16:18:08.909841
摄像头权限,Blued极速版,（3）摄像头权限及相册权限：当您使用拍照、小视频、直播、扫一扫等功能时，您需要开启摄像头权限和/或相册权限（以您使用的具体功能为准），以便您进行实时拍摄或图片/视频上传。,3,确实声明收集,确实声明收集,assistant_auto_review,2026-05-23T16:18:08.909841
摄像头权限,Hi 医生,我们的部分功能可能会调用您设备上的一些权限，包括向我们开启您的地理位置（位置信息）、相机（摄像头）、相册（图片库）、麦克风以及通讯录的访问权限，用于实现这些功能所涉及的信息的收集和使用。,3,确实声明收集,确实声明收集,assistant_auto_review,2026-05-23T16:18:08.909841
摄像头权限,Hi 医生,收集个人信息类型：设备标识（如IMEI、MEID、IMSI、SIM卡序列号/MAC地址、android_id）、应用程序列表、手机状态、存储权限、访问网络、读取电话状态、相册、摄像头、麦克风权限,1,确实声明收集,确实声明收集,assistant_auto_review,2026-05-23T16:18:08.909841
摄像头权限,Soul,您在使用「Soul 拍相机/录制表情包」拍摄相应照片或进行录像时，我们会在您的设备本地处理识别您摄像头所拍摄的具体内容，以为您提供针对性的贴纸、特效渲染等效果。,1,确实声明收集,确实声明收集,assistant_auto_review,2026-05-23T16:18:08.909841
摄像头权限,世纪佳缘,您理解并同意，我们提供的服务可能需要您在您的设备中开启您的位置信息（地理位置）、相机（摄像头）、相册、麦克风的访问权限，以实现这些权限所涉及信息的收集和使用。,3,确实声明收集,确实声明收集,assistant_auto_review,2026-05-23T16:18:08.909841
摄像头权限,中国工商银行,（1）基于相机（摄像头）的功能：您可使用扫码支付、二维码识别、银行卡识别、身份证识别、人脸识别、同屏解说、远程视频审核等服务。,4,确实声明收集,确实声明收集,assistant_auto_review,2026-05-23T16:18:08.909841
摄像头权限,中国工商银行,（17）ZXing二维码扫描SDK：为了向您提供扫一扫服务，我行使用了ZXing二维码扫描SDK，该SDK需要获取相机（摄像头）权限。,3,确实声明收集,确实声明收集,assistant_auto_review,2026-05-23T16:18:08.909841
摄像头权限,中国工商银行,（42）AnyChat SDK：为了向您提供证券开户服务，我行使用的凡泰极客SDK中引用了AnyChat SDK，该SDK需要收集获取设备号（IMEI、Android ID）、IP、MAC地址、手机型号信息，需要获取麦克风、摄像头、相册、定位权限，用于验证客户身份并进行在线证券开户。,5,确实声明收集,确实声明收集,assistant_auto_review,2026-05-23T16:18:08.909841
摄像头权限,京东健康,（2）基于摄像头（相机）的扩展功能（CAMERA）：您可以使用这个扩展功能完成视频拍摄、拍照、扫码、人脸识别登录、AI测肤及视力检测功能。,19,确实声明收集,确实声明收集,assistant_auto_review,2026-05-23T16:18:08.909841
摄像头权限,小红书,2.当您使用发布、编辑内容功能时，我们会请求您授权存储（相册、媒体和其他文件）、相机（摄像头）、麦克风（录音）权限。,3,确实声明收集,确实声明收集,assistant_auto_review,2026-05-23T16:18:08.909841
日志信息,360借条,同时，我们根据《中华人民共和国网络安全法》规定，且为了监控系统服务稳定性，排除并减少产品崩溃情况，进行功能使用数、稳定性的分析处理，开展内部审计、数据分析和研究，防范反欺诈及盗用风险，以及处理客户相关诉求，收集留存必需的网络日志信息（即自您开启360借条时开始的操作记录包括打开、注册、登录360借条，在360借条上查看/浏览、点击、滑动、关闭、下单、上传、交易、搜索、修改的记录）。,8,确实声明收集,确实声明收集,assistant_auto_review,2026-05-23T16:18:08.909841
日志信息,51Job,为了您可以更加安全便捷地登录/注册您的账号，我们为您提供了本机号码一键登录功能，当您同意并选择使用本机号码一键登录功能时，我们将通过闪验SDK会获取您的IP地址、OAID、SIM卡信息，并会收集设备类型、设备型号、操作系统、网络环境、网关取号报错日志数据，并安全进行身份认证后，为您提供免验证码登录/注册服务。,19,确实声明收集,确实声明收集,assistant_auto_review,2026-05-23T16:18:08.909841
日志信息,51Job,为了保障软件与服务的安全运行、运营的质量及效率，我们会收集您的设备基础信息（设备品牌、型号、CPU型号、主板、CPU指令集、设置参数，显示屏参数、硬件名称、硬件制造商、手机制造商、操作系统版本、系统语言）、OAID、IDFA、IP地址、网络接入方式、类型、状态、网络质量数据、操作、使用、服务日志。,4,确实声明收集,确实声明收集,assistant_auto_review,2026-05-23T16:18:08.909841
日志信息,51Job,为了您可以更加安全便捷地登录/注册您的账号，我们为您提供了本机号码一键登录功能，当您同意并选择使用本机号码一键登录功能时，我们将通过闪验SDK会获取您的IP地址、OAID、SIM卡信息，并会收集设备类型、设备型号、操作系统、网络环境、网关取号报错日志数据，并安全进行身份认证后，为您提供免验证码登录/注册服务。,19,确实声明收集,确实声明收集,assistant_auto_review,2026-05-23T16:18:08.909841
日志信息,51Job,为了保障软件与服务的安全运行、运营的质量及效率，我们会收集您的设备基础信息（设备品牌、型号、CPU型号、主板、CPU指令集、设置参数，显示屏参数、硬件名称、硬件制造商、手机制造商、操作系统版本、系统语言）、OAID、IDFA、IP地址、网络接入方式、类型、状态、网络质量数据、操作、使用、服务日志。,4,确实声明收集,确实声明收集,assistant_auto_review,2026-05-23T16:18:08.909841
日志信息,51Job,【保障软件与服务的安全运行】设备品牌、型号、CPU型号、主板、CPU指令集、设置参数，显示屏参数、硬件名称、硬件制造商、手机制造商、操作系统版本、系统语言、OAID、IDFA、IP地址、网络接入方式、类型、状态、网络质量数据、操作、使用、服务日志,19,确实声明收集,确实声明收集,assistant_auto_review,2026-05-23T16:18:08.909841
日志信息,51Job,外部存储，读写应用所需要的数据，系统运行日志，崩溃日志.,19,确实声明收集,确实声明收集,assistant_auto_review,2026-05-23T16:18:08.909841
日志信息,BOSS,(5)为了预防恶意程序、保障运营质量及效率，我们会收集您的服务日志信息（包括您的操作使用信息，如浏览记录、点击记录、搜索查询记录、收藏记录、发布信息、分享信息，以及操作日期和时间）。,19,确实声明收集,确实声明收集,assistant_auto_review,2026-05-23T16:18:08.909841
日志信息,BOSS,(6)为了便于定位并解决您反馈的软件问题，保障服务质量，当您通过APP页面特定入口（如帮助反馈-反馈与建议）或在线客服向我们反馈问题时，我们会收集您的服务日志信息以及您在商务场景下产生的其他数据（如通讯信息）。,6,确实声明收集,确实声明收集,assistant_auto_review,2026-05-23T16:18:08.909841
日志信息,BOSS直聘,(5)为了预防恶意程序、保障运营质量及效率，我们会收集您的服务日志信息（包括您的操作使用信息，如浏览记录、点击记录、搜索查询记录、收藏记录、发布信息、分享信息，以及操作日期和时间）。,19,确实声明收集,确实声明收集,assistant_auto_review,2026-05-23T16:18:08.909841
昵称,51Job,"您的论坛信息：当您使用同行（论坛）服务时，我们会收集和使用您的头像和昵称信息，其中，昵称您可以选择简历中的真实姓名或以X先生/女生进行展示，您登录前程无忧 App后可以通过底部导航""我的""-""创作者中心""，访问、管理您的论坛资料，对您的论坛资料进行编辑调整。",1,确实声明收集,确实声明收集,assistant_auto_review,2026-05-23T16:18:08.909841
昵称,51Job,"您的论坛信息：当您使用同行（论坛）服务时，我们会收集和使用您的头像和昵称信息，其中，昵称您可以选择简历中的真实姓名或以X先生/女生进行展示，您登录前程无忧 App后可以通过底部导航""我的""-""创作者中心""，访问、管理您的论坛资料，对您的论坛资料进行编辑调整。",1,确实声明收集,确实声明收集,assistant_auto_review,2026-05-23T16:18:08.909841
昵称,58同城,您补充的账户信息将有助于我们为您提供个性化的服务推荐和更优的服务体验，包括：提升账号的安全性，以便您享受更好的保障服务；,6,不确定,不确定,assistant_auto_review,2026-05-23T16:18:08.909841
昵称,Blued极速版,当您创建 Blued ID时，我们会收集您的昵称、头像、出生日期、手机号码、邮箱地址，收集这些信息是为了帮助您完成注册，保护您帐号的安全并完成网络实名制的要求，同时，您可以选择向我们提供身份证信息、面部特征识别信息，留存并完善实名认证。,1,确实声明收集,确实声明收集,assistant_auto_review,2026-05-23T16:18:08.913873
昵称,Keep,A．当您注册、登录Keep App时，您可以通过手机号创建账号，并且您可以完善相关的个人资料（包括头像、昵称、密码），收集这些信息是为了帮助您完成注册。,1,确实声明收集,确实声明收集,assistant_auto_review,2026-05-23T16:18:08.913873
昵称,Keep,您也可以使用第三方账号登录并使用Keep App，您将授权我们获取您在第三方平台注册的公开信息（头像、昵称、手机号（加密）），用于与Keep App账号绑定，使您可以直接登录并使用本产品和相关服务。,1,确实声明收集,确实声明收集,assistant_auto_review,2026-05-23T16:18:08.913873
昵称,Keep,您可以通过左上角「我」-左上角-「设置」-「个人资料」进行访问、更正自己的个人资料，含头像、昵称、性别（半年仅可修改一次）、生日、所在城市、简介；,19,确实声明收集,确实声明收集,assistant_auto_review,2026-05-23T16:18:08.913873
昵称,Keep,您可以通过「我」-左上角-「我的团队」设置、访问、更正团队信息，含团队头像、昵称、姓名、手机号、工号、团队邮箱、个性签名、收件地址等信息。,1,确实声明收集,确实声明收集,assistant_auto_review,2026-05-23T16:18:08.913873
昵称,LOFTER,当您在使用LOFTER、上传和/或发布信息以及进行相关互动行为（包括发布文字、图片、视频、评论、回复评论、打赏、分享、收藏、推荐）时，我们将收集您上传、发布或形成的信息，并有权使用您的昵称、头像或发布内容以作展示。,3,确实声明收集,确实声明收集,assistant_auto_review,2026-05-23T16:18:08.913873
昵称,LOFTER,例如，当您使用第三方账号登录LOFTER时，我们将根据您的授权获取该第三方账号下的相关信息（包括：用户名、昵称、头像，具体以您的授权内容为准）以及身份验证信息（手机号码及验证码匹配结果），并在您同意本政策后将您的第三方账号与您的LOFTER账号绑定，使您可以通过第三方账号直接登录并使用我们的产品与/或服务。,1,确实声明收集,确实声明收集,assistant_auto_review,2026-05-23T16:18:08.913873
浏览记录,360借条,在浏览模式下，如您使用的是小程序，我们将根据您所使用的不同渠道（如微信、支付宝或抖音）的小程序，分别收集对应的渠道认证信息：openid（微信）、my.getAuthCode（支付宝）、tt.login（抖音）。,19,确实声明收集,确实声明收集,assistant_auto_review,2026-05-23T16:18:08.913873
浏览记录,360借条,前述信息如果您拒绝提供，可能无法完成支付、还款、授权自动扣款，但不影响基础浏览及其他无需使用支付、还款、授权自动扣款的服务。,8,否定,确实声明收集,assistant_auto_review,2026-05-23T16:18:08.913873
浏览记录,360借条,同时，我们根据《中华人民共和国网络安全法》规定，且为了监控系统服务稳定性，排除并减少产品崩溃情况，进行功能使用数、稳定性的分析处理，开展内部审计、数据分析和研究，防范反欺诈及盗用风险，以及处理客户相关诉求，收集留存必需的网络日志信息（即自您开启360借条时开始的操作记录包括打开、注册、登录360借条，在360借条上查看/浏览、点击、滑动、关闭、下单、上传、交易、搜索、修改的记录）。,8,确实声明收集,确实声明收集,assistant_auto_review,2026-05-23T16:18:08.913873
浏览记录,360借条,ii.我们通过https技术为您提供浏览服务，并通过相应的登录短信验证安全机制、数据库加密及日志加密措施保障用户数据安全；,19,确实声明收集,确实声明收集,assistant_auto_review,2026-05-23T16:18:08.913873
浏览记录,360借条,特别的，当您撤回《隐私政策》同意后，您将退出登录，仅能进入浏览页面，我们将无法继续为您提供360借条平台上信贷业务等相关功能，即您无法在360借条平台上进一步使用额度申请、提额、借款及消费等功能。,8,确实声明收集,确实声明收集,assistant_auto_review,2026-05-23T16:18:08.913873
浏览记录,51Job,相当于法律上许可招聘企业(及人员）和平台猎头对您的简历进行查询、浏览、使用、存储的权利；,3,确实声明收集,确实声明收集,assistant_auto_review,2026-05-23T16:18:08.913873
浏览记录,51Job,这类信息属于课程咨询的必需信息，是否提供完全由您自行发起或控制，如您拒绝提供上述信息，您可以浏览课程信息，但可能我们无法与您取得沟通，或向您正常提供课程服务。,3,否定,确实声明收集,assistant_auto_review,2026-05-23T16:18:08.913873
浏览记录,51Job,您可以清除计算机上保存的所有 Cookies，大部分网络浏览器会自动接受Cookie，但您通常可根据自己的需要来修改浏览器的设置以拒绝 Cookie。,19,确实声明收集,确实声明收集,assistant_auto_review,2026-05-23T16:18:08.913873
浏览记录,51Job,我们同时对51Job平台网站提供https安全浏览方式；,19,确实声明收集,确实声明收集,assistant_auto_review,2026-05-23T16:18:08.913873
浏览记录,51Job,相当于法律上许可招聘企业(及人员）和平台猎头对您的简历进行查询、浏览、使用、存储的权利；,3,确实声明收集,确实声明收集,assistant_auto_review,2026-05-23T16:18:08.913873
相册/图片,360借条,如您选择使用手动上传身份证照片的，需要调用相册权限；,19,确实声明收集,确实声明收集,assistant_auto_review,2026-05-23T16:18:08.913873
相册/图片,360借条,如您使用图片文本识别功能的，需要调用相机权限进行图片文本识别。,19,确实声明收集,确实声明收集,assistant_auto_review,2026-05-23T16:18:08.913873
相册/图片,360借条,同时我们将通过MLKitSDK和/或华为平台SDK和/或其他第三方SDK（具体以第三方SDK说明展示的提供图片文本识别功能的SDK为准）为您实现图片文本识别功能。,19,确实声明收集,确实声明收集,assistant_auto_review,2026-05-23T16:18:08.913873
相册/图片,360借条,如您选择使用手动上传身份证照片的，需要调用相册权限。,19,确实声明收集,确实声明收集,assistant_auto_review,2026-05-23T16:18:08.913873
相册/图片,360借条,为了保证您及他人的合法权益，如您被他人投诉或投诉他人或者公安机关报案，我们会将您的姓名及有效证件号码、联系方式、投诉相关内容、360借条注册相关信息、贷款信息、人脸照片提供给消费者权益保护部门、公安机关、监管机关及法院和仲裁机构，以便及时解决投诉纠纷及协助配合刑事犯罪调查，但法律法规明确禁止提供的除外。,1,确实声明收集,确实声明收集,assistant_auto_review,2026-05-23T16:18:08.913873
相册/图片,360借条,邀请好友时，进行活动图片分享及获取时涉及保存至照片库在商品退款、商品评论、身份证照片、客服咨询、意见反馈、头像选择、凭证上传中涉及图片的选择。,19,确实声明收集,确实声明收集,assistant_auto_review,2026-05-23T16:18:08.913873
相册/图片,360借条,邀请好友时，进行活动图片分享及获取时涉及保存至照片库。,19,确实声明收集,确实声明收集,assistant_auto_review,2026-05-23T16:18:08.913873
相册/图片,360借条,在商品退款、商品评论、身份证照片、客服咨询、意见反馈、头像选择、凭证上传、补充资料中涉及图片/视频的选择。,6,确实声明收集,确实声明收集,assistant_auto_review,2026-05-23T16:18:08.913873
相册/图片,51Job,请您注意，您在使用51Job服务时上传、提交、存储或发布的内容（包括但不限于文字、图片、视频、音频、动画等）均由您原创或已获合法授权。,19,确实声明收集,确实声明收集,assistant_auto_review,2026-05-23T16:18:08.913873
相册/图片,51Job,2 为了准确核验您的身份，尽量防止您的身份被冒用，您将授权腾讯云慧眼人脸核身SDK采集您的设备信息以验证您在进行认证时是否处于可信环境并收集您的人脸照片。,1,确实声明收集,确实声明收集,assistant_auto_review,2026-05-23T16:18:08.913873
短信,360借条,我们需要收集您提供的手机号码（包括本机电话号码）、短信验证码来创建账号，或者您可以使用运营商登录（本机号码一键登录&本机号码校验登录）的方式登录。,19,确实声明收集,确实声明收集,assistant_auto_review,2026-05-23T16:18:08.913873
短信,360借条,在您使用360借条进行支付、还款、授权自动扣款时，您需提供如下必需信息：银行卡卡号、有效期、银行预留手机号、持卡人姓名、持卡人身份证件、短信验证码，您可以通过主动上传或者一键绑卡的形式提供。,8,确实声明收集,确实声明收集,assistant_auto_review,2026-05-23T16:18:08.913873
短信,360借条,2、为实现本隐私政策中声明的目的，我们可能会与我们的供应商、服务提供商、顾问或代理人共享您的个人信息（或您举报的短信或来电号码），以提供更好的客户服务和用户体验。,1,确实声明收集,确实声明收集,assistant_auto_review,2026-05-23T16:18:08.913873
短信,360借条,ii.我们通过https技术为您提供浏览服务，并通过相应的登录短信验证安全机制、数据库加密及日志加密措施保障用户数据安全；,19,确实声明收集,确实声明收集,assistant_auto_review,2026-05-23T16:18:08.913873
短信,51Job,当您注册/登录51Job平台账号时，需要您提供手机号码，我们将通过发送短信验证码（口令）方式或者采取一键登录的方式，以验证您所提供的手机号码真实有效。,19,确实声明收集,确实声明收集,assistant_auto_review,2026-05-23T16:18:08.913873
短信,51Job,我们还可能会根据您提供的联系方式，在以下场景通过短信、电话（包括Ai智能电话）、邮件、APP消息推送或您同意的其他方式联系您：,1,确实声明收集,确实声明收集,assistant_auto_review,2026-05-23T16:18:08.913873
短信,51Job,当您注册/登录51Job平台账号时，需要您提供手机号码，我们将通过发送短信验证码（口令）方式或者采取一键登录的方式，以验证您所提供的手机号码真实有效。,19,确实声明收集,确实声明收集,assistant_auto_review,2026-05-23T16:18:08.913873
短信,51Job,我们还可能会根据您提供的联系方式，在以下场景通过短信、电话（包括Ai智能电话）、邮件、APP消息推送或您同意的其他方式联系您：,1,确实声明收集,确实声明收集,assistant_auto_review,2026-05-23T16:18:08.913873
短信,58同城,1）基于剪切板的扩展功能：当您启动APP进入首页或切换到首页时，为了识别读取的活动口令码、短信验证码、分享或接受被分享信息，您的剪切板功能会被调用；,19,确实声明收集,确实声明收集,assistant_auto_review,2026-05-23T16:18:08.913873
短信,BOSS,当您注册、登录BOSS直聘时，您需要向我们提供您本人的手机号码，以便我们向您发送短信验证码来验证您的身份是否有效（手机号码是BOSS直聘履行国家法律法规关于网络实名制要求的必要信息，若您拒绝提供，我们可能无法为您提供信息发布、简历投递等功能，但不影响您通过游客模式或访问website_url_lnk,1,否定,确实声明收集,assistant_auto_review,2026-05-23T16:18:08.913873
联系人信息,360借条,如您选择提供非必需信息即通讯录、通话记录以及定位信息，此种情况下需要调用通讯录权限、通话记录权限以及定位信息权限。,3,确实声明收集,确实声明收集,assistant_auto_review,2026-05-23T16:18:08.913873
联系人信息,360借条,必需信息：姓名（直接使用已提供的信息）、身份证信息（如授信阶段已经提供且未过期，则将直接使用）、银行卡信息（如授信阶段已经提供，则将直接使用）、人脸信息（如在不同设备上登录您的账户，用于本人身份核验，保护账户安全）、联系人信息（如授信阶段未提供，则需要补充提供）、定位信息（区域性放款准入及学生准入拒绝）和设备信息（即蜂窝网络IP/ID、sim卡序列号、设备的android id、MAC地址、IP地址、WiFi网关、设备的IMEI号、WiFi的SSID、WiFi的BSSID、蓝牙Mac地址、设备IMSI、设备序列号、补充设备标识符OAID、总存储空间大小、可使用存储空间大小、总内存空间大小、可使用内存空间大小、IOS设备的基站信息MCC及MNC、IOS设备广告追踪ID、IOS设备应用开发商标识符、电话状态。,1,确实声明收集,确实声明收集,assistant_auto_review,2026-05-23T16:18:08.913873
联系人信息,360借条,如您选择提供非必需信息即通讯录、通话记录以及定位信息，此种情况下需要调用通讯录权限、通话记录权限以及定位信息权限。,3,确实声明收集,确实声明收集,assistant_auto_review,2026-05-23T16:18:08.913873
联系人信息,Hi 医生,我们的部分功能可能会调用您设备上的一些权限，包括向我们开启您的地理位置（位置信息）、相机（摄像头）、相册（图片库）、麦克风以及通讯录的访问权限，用于实现这些功能所涉及的信息的收集和使用。,3,确实声明收集,确实声明收集,assistant_auto_review,2026-05-23T16:18:08.913873
联系人信息,Soul,如您不希望在使用本产品与/或服务时匹配到您手机通讯录中的联系人，您需要向我们开启访问您手机通讯录的权限，以便于我们按照您的选择为您实现屏蔽匹配/展示您所选中的手机号码注册Soul账号的用户。,1,确实声明收集,确实声明收集,assistant_auto_review,2026-05-23T16:18:08.913873
联系人信息,Soul,为实现此功能，我们会收集您手机通讯录中联系人的姓名及手机号码。,1,确实声明收集,确实声明收集,assistant_auto_review,2026-05-23T16:18:08.913873
联系人信息,Soul,当您同意开启此项权限后，我们会访问您设备上的通讯录，获取您通讯录中的联系人姓名和手机号码信息，用于按您的选择为您屏蔽通讯录内的联系人或者邀请通讯录中的联系人注册Soul App。,1,确实声明收集,确实声明收集,assistant_auto_review,2026-05-23T16:18:08.913873
联系人信息,世纪佳缘,（15）需要获取使用通讯录权限，允许获取手机通讯录信息，用于隐私屏蔽某些用户功能,1,确实声明收集,确实声明收集,assistant_auto_review,2026-05-23T16:18:08.913873
联系人信息,中国工商银行,（11）当您使用手机号转账、话费充值、汇款短信通知等涉及通讯录的功能时，我行仅收集您从通讯录中点选的联系人信息，并进行加密传输以防恶意截取。,1,确实声明收集,确实声明收集,assistant_auto_review,2026-05-23T16:18:08.913873
联系人信息,中国工商银行,如您拒绝提供上述信息，您可以选择手动输入联系人信息继续使用上述功能，这不会影响您正常使用融e行的其他功能。,8,否定,确实声明收集,assistant_auto_review,2026-05-23T16:18:08.913873
订单信息,360借条,您可以通过360借条查看您申请的贷款产品、购买的商城产品交易信息、订单信息及搜索信息、收藏信息，您知晓并同意我们将从平台相关合作方（包括贷款服务机构、商家、物流公司）收集、存储并处理您的交易信息及订单信息。,5,确实声明收集,确实声明收集,assistant_auto_review,2026-05-23T16:18:08.913873
订单信息,BOSS,支付功能中，我们会从第三方支付机构获取您的ID、订单交易结果，同时我们需要将您的购买明细、订单号与交易金额信息与这些支付机构共享以实现其确认您的支付指令并完成支付。,10,确实声明收集,确实声明收集,assistant_auto_review,2026-05-23T16:18:08.913873
订单信息,BOSS直聘,支付功能中，我们会从第三方支付机构获取您的ID、订单交易结果，同时我们需要将您的购买明细、订单号与交易金额信息与这些支付机构共享以实现其确认您的支付指令并完成支付。,10,确实声明收集,确实声明收集,assistant_auto_review,2026-05-23T16:18:08.913873
订单信息,LOFTER,（1）当您在LOFTER中购买商品及/或服务时，我们会通过系统为您生成购买该商品及/或服务的订单，在下单过程中，您至少需提供收货人个人身份信息、姓名、收货地址、邮政编码、收货人、联系电话、支付状态信息。,3,确实声明收集,确实声明收集,assistant_auto_review,2026-05-23T16:18:08.913873
订单信息,LOFTER,（3）为向您展示账号的订单交易信息并保障交易安全，我们会收集您在使用LOFTER过程中产生的订单信息（包括您所购买的商品或服务信息、订单编号、交易金额、下单时间、订单状态、支付方式、支付账号、支付状态）用于向您展示及便于您对订单进行管理，也为了帮助您顺利完成交易、保障您的交易安全。,10,确实声明收集,确实声明收集,assistant_auto_review,2026-05-23T16:18:08.913873
订单信息,LOFTER,（4）为完成订单支付、交付商品或服务、确认交易状态及为您提供售后与争议解决服务，我们会通过您基于交易所选择的交易对象、支付机构、物流公司等收集与交易进度相关的您的账号、订单、交易、支付、物流信息，或将您的交易信息共享给上述服务提供者。,10,确实声明收集,确实声明收集,assistant_auto_review,2026-05-23T16:18:08.913873
订单信息,LOFTER,在某些情况下，我们需要向第三方共享您的信息，以实现我们产品与/或服务的功能，让您正常使用您需要的服务，包括：（1）向提供支付服务的第三方支付机构共享对应的交易订单信息和支付金额信息；,3,确实声明收集,确实声明收集,assistant_auto_review,2026-05-23T16:18:08.913873
订单信息,世纪佳缘,在支付过程中，我们可能会收集您的第三方支付渠道，需要将您的订单号和交易金额信息与这些支付机构共享，以实现其确认您的支付指令并完成支付。,10,确实声明收集,确实声明收集,assistant_auto_review,2026-05-23T16:18:08.913873
订单信息,中国工商银行,（13）当您使用融e行内嵌的第三方商户服务时，您需要在订单页面中填写收货人姓名、收货地址及手机号码，同时该订单中会载明订单号、您所购买的商品或服务信息、您应支付的金额及支付方式等信息。,5,确实声明收集,确实声明收集,assistant_auto_review,2026-05-23T16:18:08.913873
订单信息,京东健康,我们共享这些信息的目的是可以实现我们产品与/或服务的核心购物功能，例如我们必须与物流服务提供商共享您的订单信息才能安排送货；,3,确实声明收集,确实声明收集,assistant_auto_review,2026-05-23T16:18:08.913873
设备标识信息,360借条,此外，为了校验APP登录状态的合法性，防范登录攻击，且为了检测网络环境安全及/或保证您的账户登录的安全性（如判断是否由同一设备发起），落实反电信网络诈骗法中的异常账户和可疑交易监测，防止欺诈风险、和业务风险防控，避免您的账号被非法分子盗用进而导致您账号中的信息泄露，同时为了恢复设备ID，我们将收集如下非必需信息即蜂窝网络IP/ID、sim卡序列号、设备的android id、MAC地址、IP地址、WiFi网关、设备的IMEI号、WiFi的SSID、WiFi的BSSID、蓝牙Mac地址、设备IMSI、设备序列号（SN）、补充设备标识符OAID、总存储空间大小、可使用存储空间大小、总内存空间大小、可使用内存空间大小、IOS设备的基站信息MCC及MNC、IOS设备广告追踪ID（IDFV）、IOS设备应用开发商标识符（IDFV）。,21,确实声明收集,确实声明收集,assistant_auto_review,2026-05-23T16:18:08.913873
设备标识信息,360借条,这些SDK将收集您的设备信息ICCID、IMEI、IMSI、IP、运营商名称、运营商编码用于运营商本机号码校验认证与登录，如您拒绝提供的，您将无法使用运营商登录（本机号码一键登录&本机号码校验登录）服务，但您可以选择使用上述其他登录方式进行登录。,19,否定,确实声明收集,assistant_auto_review,2026-05-23T16:18:08.913873
设备标识信息,360借条,为了贷款服务机构能够准确评估您的信用状况，更为了防止您的贷款资金被不法分子获取、落实反欺诈防范风险、保障您的账户资金安全，您需要提供如下必需信息：姓名、身份证信息、人脸信息（本人身份核验）、设备信息（即蜂窝网络IP/ID、sim卡序列号、设备的android id、MAC地址、IP地址、WiFi网关、设备的IMEI号、WiFi的SSID、WiFi的BSSID、蓝牙Mac地址、设备IMSI、设备序列号（SN）、补充设备标识符OAID、总存储空间大小、可使用存储空间大小、总内存空间大小、可使用内存空间大小、IOS设备的基站信息MCC及MNC、IOS设备广告追踪ID（IDFA）、IOS设备应用开发商标识符(IDFV)、电话状态。,1,确实声明收集,确实声明收集,assistant_auto_review,2026-05-23T16:18:08.913873
设备标识信息,360借条,必需信息：姓名（直接使用已提供的信息）、身份证信息（如授信阶段已经提供且未过期，则将直接使用）、银行卡信息（如授信阶段已经提供，则将直接使用）、人脸信息（如在不同设备上登录您的账户，用于本人身份核验，保护账户安全）、联系人信息（如授信阶段未提供，则需要补充提供）、定位信息（区域性放款准入及学生准入拒绝）和设备信息（即蜂窝网络IP/ID、sim卡序列号、设备的android id、MAC地址、IP地址、WiFi网关、设备的IMEI号、WiFi的SSID、WiFi的BSSID、蓝牙Mac地址、设备IMSI、设备序列号、补充设备标识符OAID、总存储空间大小、可使用存储空间大小、总内存空间大小、可使用内存空间大小、IOS设备的基站信息MCC及MNC、IOS设备广告追踪ID、IOS设备应用开发商标识符、电话状态。,1,确实声明收集,确实声明收集,assistant_auto_review,2026-05-23T16:18:08.913873
设备标识信息,360借条,我们将基于您处于何种状态（未登录、未申请、申请授信评估中、授信拒绝、授信通过、逾期）以及您的交易信息、订单信息、浏览信息、关注信息、设备信息（广告追踪ID、补充设备标识符OAID）为您提供我们或我们的关联方、合作方的商品、服务或推广活动、商业广告，并通过站内信息、短信方式、发送服务状态通知、电话的方式明示通知您。,6,确实声明收集,确实声明收集,assistant_auto_review,2026-05-23T16:18:08.913873
设备标识信息,51Job,为了您可以更加安全便捷地登录/注册您的账号，我们为您提供了本机号码一键登录功能，当您同意并选择使用本机号码一键登录功能时，我们将通过闪验SDK会获取您的IP地址、OAID、SIM卡信息，并会收集设备类型、设备型号、操作系统、网络环境、网关取号报错日志数据，并安全进行身份认证后，为您提供免验证码登录/注册服务。,19,确实声明收集,确实声明收集,assistant_auto_review,2026-05-23T16:18:08.913873
设备标识信息,51Job,为了数据统计，我们会收集您的OAID和IDFA。,4,确实声明收集,确实声明收集,assistant_auto_review,2026-05-23T16:18:08.913873
设备标识信息,51Job,为了您可以更加安全便捷地登录/注册您的账号，我们为您提供了本机号码一键登录功能，当您同意并选择使用本机号码一键登录功能时，我们将通过闪验SDK会获取您的IP地址、OAID、SIM卡信息，并会收集设备类型、设备型号、操作系统、网络环境、网关取号报错日志数据，并安全进行身份认证后，为您提供免验证码登录/注册服务。,19,确实声明收集,确实声明收集,assistant_auto_review,2026-05-23T16:18:08.913873
设备标识信息,51Job,为了数据统计，我们会收集您的OAID和IDFA。,4,确实声明收集,确实声明收集,assistant_auto_review,2026-05-23T16:18:08.913873
设备标识信息,51Job,为了保障您使用服务的人身、财产安全，更好地预防求职诈骗财产风险、人身安全风险，以及更准确地识别违反法律法规及相关协议、规则的行为，会记录、整合、使用您的常用设备信息（包括ANDROID_ID、OAID）、网络标识信息、使用记录信息，以及关联公司、合作第三方取得您授权或依法共享的信息，用于判断您的账号风险、进行身份验证、检测认为存在风险的行为以及防范平台安全事件，并采取必要的记录、审计、分析、处置措施。,4,确实声明收集,确实声明收集,assistant_auto_review,2026-05-23T16:18:08.913873
账户信息,360借条,"在您启动/打开APP时，为了检测网络环境安全，同时为了恢复设备ID，落实《中华人民共和国反电信网络诈骗法》（以下简称""反电信网络诈骗法""）中的异常账户和可疑交易监测，我们将收集如下非必需信息：蜂窝网络IP/ID、sim卡序列号、MAC地址、IP地址、WiFi网关、蓝牙Mac地址、设备序列号（SN）、总存储空间大小、可使用存储空间大小、总内存空间大小、可使用内存空间大小、IOS设备的基站信息MCC及MNC、IOS设备广告追踪ID（IDFA ）、IOS设备应用开发商标识符（IDFV）。",4,确实声明收集,确实声明收集,assistant_auto_review,2026-05-23T16:18:08.913873
账户信息,360借条,我们需要收集您提供的手机号码（包括本机电话号码）、短信验证码来创建账号，或者您可以使用运营商登录（本机号码一键登录&本机号码校验登录）的方式登录。,19,确实声明收集,确实声明收集,assistant_auto_review,2026-05-23T16:18:08.913873
账户信息,360借条,前述信息属于功能必需信息，若您拒绝提供这些信息，您无法注册/登录360借条账号，亦无法使用我们提供的360借条平台上的产品和服务，但不影响您对360借条APP上的产品和服务进行基础浏览。,8,否定,确实声明收集,assistant_auto_review,2026-05-23T16:18:08.913873
账户信息,360借条,如您使用不同设备登录360借条APP的，为保障您的账号安全，我们将通过face++SDK、阿里云活体检测SDK或腾讯云人脸核身 SDK为您提供人脸比对服务，在此种情形下，我们收集您的人脸信息用于身份核验，但我们不存储您的人脸信息。,1,否定,确实声明收集,assistant_auto_review,2026-05-23T16:18:08.913873
账户信息,360借条,此外，为了校验APP登录状态的合法性，防范登录攻击，且为了检测网络环境安全及/或保证您的账户登录的安全性（如判断是否由同一设备发起），落实反电信网络诈骗法中的异常账户和可疑交易监测，防止欺诈风险、和业务风险防控，避免您的账号被非法分子盗用进而导致您账号中的信息泄露，同时为了恢复设备ID，我们将收集如下非必需信息即蜂窝网络IP/ID、sim卡序列号、设备的android id、MAC地址、IP地址、WiFi网关、设备的IMEI号、WiFi的SSID、WiFi的BSSID、蓝牙Mac地址、设备IMSI、设备序列号（SN）、补充设备标识符OAID、总存储空间大小、可使用存储空间大小、总内存空间大小、可使用内存空间大小、IOS设备的基站信息MCC及MNC、IOS设备广告追踪ID（IDFV）、IOS设备应用开发商标识符（IDFV）。,21,确实声明收集,确实声明收集,assistant_auto_review,2026-05-23T16:18:08.913873
账户信息,360借条,您在申请或使用360借条上提供的产品和/或服务时，我们需要根据《中华人民共和国反洗钱》等法律法规、规章及规范性文件的规定完成反洗钱、实名制认证以及授信额度评估，客户身份识别，也为了防范欺诈风险，保障账号安全，您需要提供如下必需信息：您的真实姓名、中国大陆身份证信息（身份证件号码、身份证件有效期、身份证件影像件）、人脸照片、身份证照片。,10,确实声明收集,确实声明收集,assistant_auto_review,2026-05-23T16:18:08.913873
账户信息,360借条,您在申请或使用360借条上提供的产品和/或服务时，为满足个人贷款管理办法等法律法规及规范性文件要求，准确评估您的信贷资格、信用及偿付能力，也为了维护您、我们及其他客户的合法权益，更为了防止您的贷款资金被不法分子获取、落实反电信网络诈骗法中的反欺诈防范风险、保障您的账户资金安全，且根据向您提供信贷服务金融机构的要求，您同意我们有权根据不同的产品或服务类型分别收集、匹配您的如下相关信息，并共享给相应贷款服务机构（具体以为您提供信贷服务的贷款人、增信机构（如有）等金融机构为准）：,4,确实声明收集,确实声明收集,assistant_auto_review,2026-05-23T16:18:08.913873
账户信息,360借条,为了贷款服务机构能够准确评估您的信用状况，更为了防止您的贷款资金被不法分子获取、落实反欺诈防范风险、保障您的账户资金安全，您需要提供如下必需信息：姓名、身份证信息、人脸信息（本人身份核验）、设备信息（即蜂窝网络IP/ID、sim卡序列号、设备的android id、MAC地址、IP地址、WiFi网关、设备的IMEI号、WiFi的SSID、WiFi的BSSID、蓝牙Mac地址、设备IMSI、设备序列号（SN）、补充设备标识符OAID、总存储空间大小、可使用存储空间大小、总内存空间大小、可使用内存空间大小、IOS设备的基站信息MCC及MNC、IOS设备广告追踪ID（IDFA）、IOS设备应用开发商标识符(IDFV)、电话状态。,1,确实声明收集,确实声明收集,assistant_auto_review,2026-05-23T16:18:08.913873
账户信息,360借条,必需信息：姓名（直接使用已提供的信息）、身份证信息（如授信阶段已经提供且未过期，则将直接使用）、银行卡信息（如授信阶段已经提供，则将直接使用）、人脸信息（如在不同设备上登录您的账户，用于本人身份核验，保护账户安全）、联系人信息（如授信阶段未提供，则需要补充提供）、定位信息（区域性放款准入及学生准入拒绝）和设备信息（即蜂窝网络IP/ID、sim卡序列号、设备的android id、MAC地址、IP地址、WiFi网关、设备的IMEI号、WiFi的SSID、WiFi的BSSID、蓝牙Mac地址、设备IMSI、设备序列号、补充设备标识符OAID、总存储空间大小、可使用存储空间大小、总内存空间大小、可使用内存空间大小、IOS设备的基站信息MCC及MNC、IOS设备广告追踪ID、IOS设备应用开发商标识符、电话状态。,1,确实声明收集,确实声明收集,assistant_auto_review,2026-05-23T16:18:08.913873
账户信息,360借条,为保证您的账号安全，我们的客服会使用您的姓名、手机号码、身份证号码来核验您的身份且为了后续客服处理纠纷，我们将收集您与客服/催收的通话录音及在线聊天记录，这些为必需信息。,1,确实声明收集,确实声明收集,assistant_auto_review,2026-05-23T16:18:08.913873
身份证号码,360借条,您在申请或使用360借条上提供的产品和/或服务时，我们需要根据《中华人民共和国反洗钱》等法律法规、规章及规范性文件的规定完成反洗钱、实名制认证以及授信额度评估，客户身份识别，也为了防范欺诈风险，保障账号安全，您需要提供如下必需信息：您的真实姓名、中国大陆身份证信息（身份证件号码、身份证件有效期、身份证件影像件）、人脸照片、身份证照片。,10,确实声明收集,确实声明收集,assistant_auto_review,2026-05-23T16:18:08.913873
身份证号码,360借条,为了贷款服务机构能够准确评估您的信用状况，更为了防止您的贷款资金被不法分子获取、落实反欺诈防范风险、保障您的账户资金安全，您需要提供如下必需信息：姓名、身份证信息、人脸信息（本人身份核验）、设备信息（即蜂窝网络IP/ID、sim卡序列号、设备的android id、MAC地址、IP地址、WiFi网关、设备的IMEI号、WiFi的SSID、WiFi的BSSID、蓝牙Mac地址、设备IMSI、设备序列号（SN）、补充设备标识符OAID、总存储空间大小、可使用存储空间大小、总内存空间大小、可使用内存空间大小、IOS设备的基站信息MCC及MNC、IOS设备广告追踪ID（IDFA）、IOS设备应用开发商标识符(IDFV)、电话状态。,1,确实声明收集,确实声明收集,assistant_auto_review,2026-05-23T16:18:08.913873
身份证号码,360借条,如您选择使用手动上传身份证照片的，需要调用相册权限；,19,确实声明收集,确实声明收集,assistant_auto_review,2026-05-23T16:18:08.913873
身份证号码,360借条,同时我们将通过FACE++身份证OCRSDK以及令牌云SDK实现身份证识别功能，通过FACE++银行卡OCRSDK实现银行卡识别功能，您可以拒绝使用，选择手动上传的方式实现身份证及银行卡的上传。,19,确实声明收集,确实声明收集,assistant_auto_review,2026-05-23T16:18:08.913873
身份证号码,360借条,必需信息：姓名（直接使用已提供的信息）、身份证信息（如授信阶段已经提供且未过期，则将直接使用）、银行卡信息（如授信阶段已经提供，则将直接使用）、人脸信息（如在不同设备上登录您的账户，用于本人身份核验，保护账户安全）、联系人信息（如授信阶段未提供，则需要补充提供）、定位信息（区域性放款准入及学生准入拒绝）和设备信息（即蜂窝网络IP/ID、sim卡序列号、设备的android id、MAC地址、IP地址、WiFi网关、设备的IMEI号、WiFi的SSID、WiFi的BSSID、蓝牙Mac地址、设备IMSI、设备序列号、补充设备标识符OAID、总存储空间大小、可使用存储空间大小、总内存空间大小、可使用内存空间大小、IOS设备的基站信息MCC及MNC、IOS设备广告追踪ID、IOS设备应用开发商标识符、电话状态。,1,确实声明收集,确实声明收集,assistant_auto_review,2026-05-23T16:18:08.913873
身份证号码,360借条,在进行人脸识别和/或身份证识别时，如您使用OCR识别功能的，需要调用相机权限，或调用NFC权限；,1,确实声明收集,确实声明收集,assistant_auto_review,2026-05-23T16:18:08.913873
身份证号码,360借条,如您选择使用手动上传身份证照片的，需要调用相册权限。,19,确实声明收集,确实声明收集,assistant_auto_review,2026-05-23T16:18:08.913873
身份证号码,360借条,同时我们将通过FACE++身份证OCRSDK以及令牌云SDK实现身份证识别功能，通过FACE++银行卡OCRSDK实现银行卡识别功能，您可以拒绝使用，可以选择手动上传的方式实现身份证及银行卡的上传。,19,确实声明收集,确实声明收集,assistant_auto_review,2026-05-23T16:18:08.913873
身份证号码,360借条,在您使用360借条进行支付、还款、授权自动扣款时，您需提供如下必需信息：银行卡卡号、有效期、银行预留手机号、持卡人姓名、持卡人身份证件、短信验证码，您可以通过主动上传或者一键绑卡的形式提供。,8,确实声明收集,确实声明收集,assistant_auto_review,2026-05-23T16:18:08.913873
身份证号码,360借条,为保证您的账号安全，我们的客服会使用您的姓名、手机号码、身份证号码来核验您的身份且为了后续客服处理纠纷，我们将收集您与客服/催收的通话录音及在线聊天记录，这些为必需信息。,1,确实声明收集,确实声明收集,assistant_auto_review,2026-05-23T16:18:08.913873
银行卡信息,360借条,同时我们将通过FACE++身份证OCRSDK以及令牌云SDK实现身份证识别功能，通过FACE++银行卡OCRSDK实现银行卡识别功能，您可以拒绝使用，选择手动上传的方式实现身份证及银行卡的上传。,19,确实声明收集,确实声明收集,assistant_auto_review,2026-05-23T16:18:08.913873
银行卡信息,360借条,必需信息：姓名（直接使用已提供的信息）、身份证信息（如授信阶段已经提供且未过期，则将直接使用）、银行卡信息（如授信阶段已经提供，则将直接使用）、人脸信息（如在不同设备上登录您的账户，用于本人身份核验，保护账户安全）、联系人信息（如授信阶段未提供，则需要补充提供）、定位信息（区域性放款准入及学生准入拒绝）和设备信息（即蜂窝网络IP/ID、sim卡序列号、设备的android id、MAC地址、IP地址、WiFi网关、设备的IMEI号、WiFi的SSID、WiFi的BSSID、蓝牙Mac地址、设备IMSI、设备序列号、补充设备标识符OAID、总存储空间大小、可使用存储空间大小、总内存空间大小、可使用内存空间大小、IOS设备的基站信息MCC及MNC、IOS设备广告追踪ID、IOS设备应用开发商标识符、电话状态。,1,确实声明收集,确实声明收集,assistant_auto_review,2026-05-23T16:18:08.913873
银行卡信息,360借条,同时我们将通过FACE++身份证OCRSDK以及令牌云SDK实现身份证识别功能，通过FACE++银行卡OCRSDK实现银行卡识别功能，您可以拒绝使用，可以选择手动上传的方式实现身份证及银行卡的上传。,19,确实声明收集,确实声明收集,assistant_auto_review,2026-05-23T16:18:08.913873
银行卡信息,360借条,在您使用360借条进行支付、还款、授权自动扣款时，您需提供如下必需信息：银行卡卡号、有效期、银行预留手机号、持卡人姓名、持卡人身份证件、短信验证码，您可以通过主动上传或者一键绑卡的形式提供。,8,确实声明收集,确实声明收集,assistant_auto_review,2026-05-23T16:18:08.913873
银行卡信息,360借条,如您参与360借条平台活动，涉及提取现金的，为保证您的账号安全，顺利完成现金提取，我们将收集您的必需信息：姓名、身份证、银行卡号、银行预留手机号信息，否则您将无法完成提现操作。,19,确实声明收集,确实声明收集,assistant_auto_review,2026-05-23T16:18:08.913873
银行卡信息,360借条,如您在上传银行卡时选择OCR识别功能的，我们将通过FACE++银行卡OCRSDK实现银行卡的识别功能。,19,确实声明收集,确实声明收集,assistant_auto_review,2026-05-23T16:18:08.913873
银行卡信息,360借条,在身份证及银行卡验证、人脸识别、在线客服自主选择上传环节调用.,1,确实声明收集,确实声明收集,assistant_auto_review,2026-05-23T16:18:08.913873
银行卡信息,360借条,在身份证及银行卡验证、人脸识别、在线客服自主选择上传环节调用.,1,确实声明收集,确实声明收集,assistant_auto_review,2026-05-23T16:18:08.913873
银行卡信息,58同城,"因此，当您申请58同城为您进行身份认证时，我们需要收集您的姓名、身份证号、银行卡号、手机号，以证实您的个人身份相关信息，具体验证的方式以""个人信息""-""我的认证""显示的为准，您可以根据需要自行选择认证的方式。",1,确实声明收集,确实声明收集,assistant_auto_review,2026-05-23T16:18:08.913873
银行卡信息,58同城,打款到银行卡，需要收集您的用户ID、银行卡号、开户名、总行名称、支行名称、支行所在省、市。,5,确实声明收集,确实声明收集,assistant_auto_review,2026-05-23T16:18:08.913873
麦克风权限,51Job,访问麦克风，用于在线面试时进行语音聊天。,5,确实声明收集,确实声明收集,assistant_auto_review,2026-05-23T16:18:08.913873
麦克风权限,51Job,访问麦克风，读取设备周围的声音。,19,确实声明收集,确实声明收集,assistant_auto_review,2026-05-23T16:18:08.913873
麦克风权限,58同城,如果我们在核验的过程中发现您上传的房屋照片/视频和您的权属证明文件所载明的内容不一致，或者有平台内其他用户就同样的情况向我们投诉，我们会要求您上传在房屋内拍摄的房屋视频（需要您开启相机和麦克风权限），为了确定您是否实地进行拍摄，我们会在拍摄时收集、使用您授予我们定位权限自动采集的您的位置信息。,3,确实声明收集,确实声明收集,assistant_auto_review,2026-05-23T16:18:08.913873
麦克风权限,BOSS,如对方接受了您的线上视频面试邀请，在使用视频面试功能前，双方均需要开启相机及麦克风权限。,3,确实声明收集,确实声明收集,assistant_auto_review,2026-05-23T16:18:08.913873
麦克风权限,BOSS,如果您是招聘方，在您使用直播招聘服务前，需要开启您的相机及麦克风权限。,19,确实声明收集,确实声明收集,assistant_auto_review,2026-05-23T16:18:08.913873
麦克风权限,BOSS,在您使用语音搜索服务前，需要开启您的麦克风权限。,3,确实声明收集,确实声明收集,assistant_auto_review,2026-05-23T16:18:08.913873
麦克风权限,BOSS直聘,如对方接受了您的线上视频面试邀请，在使用视频面试功能前，双方均需要开启相机及麦克风权限。,3,确实声明收集,确实声明收集,assistant_auto_review,2026-05-23T16:18:08.913873
麦克风权限,BOSS直聘,如果您是招聘方，在您使用直播招聘服务前，需要开启您的相机及麦克风权限。,19,确实声明收集,确实声明收集,assistant_auto_review,2026-05-23T16:18:08.913873
麦克风权限,BOSS直聘,在您使用语音搜索服务前，需要开启您的麦克风权限。,3,确实声明收集,确实声明收集,assistant_auto_review,2026-05-23T16:18:08.913873
麦克风权限,Blued极速版,（4）麦克风权限：当您使用语音、小视频、直播等功能时，您需要开启此权限，并使用麦克风设备进行语音输入。,3,确实声明收集,确实声明收集,assistant_auto_review,2026-05-23T16:18:08.913873
剪贴板,360借条,读取剪贴板.,19,确实声明收集,确实声明收集,assistant_auto_review,2026-05-23T16:18:08.913873
剪贴板,Soul,当您使用Soul产品与/或服务时，我们会使用您设备上的剪贴板功能并读取剪贴板的内容，以实现：当您将分享特定活动所生成的链接或者分享码写入剪贴板后，您打开Soul App时将即可自动跳转至对应的活动内容，便于您便捷浏览活动信息；,3,确实声明收集,确实声明收集,assistant_auto_review,2026-05-23T16:18:08.913873
剪贴板,Soul,我们能够根据剪贴板的内容为您解锁更多功能，提供更全面的服务。,19,确实声明收集,确实声明收集,assistant_auto_review,2026-05-23T16:18:08.913873
剪贴板,Soul,但我们仅在识别出剪贴板内容属于Soul App分享时才会上传至我们的服务器，我们不会读取您剪贴板中的其他信息。,19,不确定,不确定,assistant_auto_review,2026-05-23T16:18:08.913873
剪贴板,Soul,同时，我们还会基于风控目的读取您的剪贴板信息。,19,确实声明收集,确实声明收集,assistant_auto_review,2026-05-23T16:18:08.913873
剪贴板,支付宝,通过获取剪贴板权限收集剪贴板内容；,3,确实声明收集,确实声明收集,assistant_auto_review,2026-05-23T16:18:08.913873
剪贴板,智联招聘,提示您注意，为避免疑义，剪贴板内容不会上传到云端。,19,否定,确实声明收集,assistant_auto_review,2026-05-23T16:18:08.913873
声纹信息,中国工商银行,（3）为了让您更安全、便捷地使用登录服务，如您的融e行移动端版本支持声纹登录功能，您可选择通过声纹登录融e行移动端，我行会采集您的声纹信息，在经过您的明示同意和身份认证后，您的声纹信息将被加密存储于我行信息系统后台数据库中。,19,确实声明收集,确实声明收集,assistant_auto_review,2026-05-23T16:18:08.913873
声纹信息,中国工商银行,如您拒绝授权我行采集您的声纹信息，我行将无法向您提供声纹登录服务，您仍可通过其他方式进行登录。,1,确实声明收集,确实声明收集,assistant_auto_review,2026-05-23T16:18:08.913873
声纹信息,中国工商银行,（4）基于麦克风的功能：您可使用音频U盾、声纹识别、语音搜索、语音转账、语音唤醒、同屏解说、远程视频审核等服务。,19,确实声明收集,确实声明收集,assistant_auto_review,2026-05-23T16:18:08.913873
声纹信息,中国工商银行,（21）声扬SDK：为了向您提供安卓设备的声纹服务，我行使用了声扬SDK，该SDK需要收集获取设备运营商信息、网络状态信息，麦克风权限，用于录音进行声纹识别。,1,确实声明收集,确实声明收集,assistant_auto_review,2026-05-23T16:18:08.913873
声纹信息,中国工商银行,该SDK仅收集数据以及识别转换数据，不保存用户的声纹数据信息。,19,否定,确实声明收集,assistant_auto_review,2026-05-23T16:18:08.913873
通话记录,360借条,如您选择提供非必需信息即通讯录、通话记录以及定位信息，此种情况下需要调用通讯录权限、通话记录权限以及定位信息权限。,3,确实声明收集,确实声明收集,assistant_auto_review,2026-05-23T16:18:08.913873
通话记录,360借条,如您选择提供非必需信息即通讯录、通话记录以及定位信息，此种情况下需要调用通讯录权限、通话记录权限以及定位信息权限。,3,确实声明收集,确实声明收集,assistant_auto_review,2026-05-23T16:18:08.913873
通话记录,小荷健康,a.客服及问题：为便于与您联系、尽快帮助您解决问题或记录相关问题的处理方案及结果，我们可能会保存您与我们的通信/通话记录及相关内容（包括帐号信息、反馈信息、订单信息、您为了证明相关事实提供的其他信息，或您留下的联系方式信息），如果您针对具体订单进行咨询、投诉或提供建议的，我们会使用您的帐号信息和订单信息。,6,确实声明收集,确实声明收集,assistant_auto_review,2026-05-23T16:18:08.913873
通话记录,平安证券,此外，当您通过拨打人工客服95511寻求帮助时，您同意我们留存您与客服的通话记录与录音，以便为您处理咨询或投诉的问题提供准确性保障与证据留存。,6,确实声明收集,确实声明收集,assistant_auto_review,2026-05-23T16:18:08.913873
通话记录,平安证券,此外，当您通过拨打人工客服95511寻求帮助时，您同意我们留存您与客服的通话记录与录音，以便为您处理咨询或投诉的问题提供准确性保障与证据留存。,6,确实声明收集,确实声明收集,assistant_auto_review,2026-05-23T16:18:08.913873
